"outer_iter","training_loss","delta_loss","relative_obj_change","oracle_gap_abs","oracle_gap_rel","local_norm","step_size","line_search_halvings","line_search_success","line_search_forced","armijo_lhs","armijo_rhs","inner_iters","inner_converged","admm_tol_used","direction_norm_fro","refinement_triggered","refinement_rounds","subproblem_attempts","stop_mode_hit","min_eig","max_eig","kappa","nnz_gamma_total","nnz_gamma_pen","gamma_pen_sparsity","nnz_omega_offdiag_upper","omega_offdiag_sparsity","elapsed_sec","path_index","lambda_gamma","lambda_Omega","solver_tol","case"
0,138.086023084596,NA,NA,NA,NA,NA,NA,NA,NA,NA,NA,NA,0,NA,NA,NA,NA,NA,NA,NA,0.102492235849873,0.293021497949794,2.85896288162745,50,0,0,0,0,0,1,4.28601756969282,8.86040963730461,1e-07,"case_norm_mode"
1,138.086023084596,0,0,NA,NA,0.0249039107232687,0,4,FALSE,FALSE,NA,NA,15,FALSE,1e-10,0.00653110020509883,TRUE,2,3,NA,0.102492235849873,0.293021497949794,2.85896288162745,50,0,0,0,0,0.0165870189666748,1,4.28601756969282,8.86040963730461,1e-07,"case_norm_mode"
0,138.086023084596,NA,NA,NA,NA,NA,NA,NA,NA,NA,NA,NA,0,NA,NA,NA,NA,NA,NA,NA,0.102492235849873,0.293021497949794,2.85896288162745,50,0,0,0,0,0,2,3.66654767904032,7.57979029781112,1e-07,"case_norm_mode"
1,138.034582338419,-0.0514407461767235,0.000369848422119568,NA,NA,0.337735730452148,0.747531801114414,0,TRUE,FALSE,NA,NA,5,FALSE,1e-08,0.0862191029123764,FALSE,0,1,NA,0.102490278263914,0.293021142806579,2.85901402328175,71,21,0.0084,0,0,0.0060429573059082,2,3.66654767904032,7.57979029781112,1e-07,"case_norm_mode"
2,138.031397233772,-0.0031851046468887,2.29087223719345e-05,NA,NA,0.0764431990359076,0.928985385290768,0,TRUE,FALSE,NA,NA,5,FALSE,1e-08,0.0196024962639052,FALSE,0,1,NA,0.102489681260528,0.293021250108743,2.85903172402192,71,21,0.0084,0,0,0.0129330158233643,2,3.66654767904032,7.57979029781112,1e-07,"case_norm_mode"
0,137.857052559045,NA,NA,NA,NA,NA,NA,NA,NA,NA,NA,NA,0,NA,NA,NA,NA,NA,NA,NA,0.102489681260528,0.293021250108743,2.85903172402192,71,21,0.0084,0,0,0,3,3.13661147302283,6.4842623886032,1e-07,"case_norm_mode"
1,137.675533126147,-0.181519432898682,0.00130723956438219,NA,NA,3.89710849154244,0.204202133101003,0,TRUE,FALSE,NA,NA,5,FALSE,1e-08,1.06803352593429,FALSE,0,1,NA,0.102474076133242,0.292974478229223,2.85901068137744,131,81,0.0324,0,0,0.00562715530395508,3,3.13661147302283,6.4842623886032,1e-07,"case_norm_mode"
2,137.671245246667,-0.00428787947990372,3.09202307230594e-05,NA,NA,1.05117201366157,0.243763076265576,1,TRUE,FALSE,NA,NA,15,FALSE,1e-10,0.266807007680208,TRUE,2,3,NA,0.102834371189079,0.293079705050244,2.85001699005252,131,81,0.0324,0,0,0.0210840702056885,3,3.13661147302283,6.4842623886032,1e-07,"case_norm_mode"
0,136.9560574806,NA,NA,NA,NA,NA,NA,NA,NA,NA,NA,NA,0,NA,NA,NA,NA,NA,NA,NA,0.102834371189079,0.293079705050244,2.85001699005252,131,81,0.0324,0,0,0,4,2.68326840230086,5.54707413691853,1e-07,"case_norm_mode"
1,136.520236804893,-0.43582067570614,0.00315912678040562,NA,NA,1.04101899531222,0.489951344057446,0,TRUE,FALSE,NA,NA,5,FALSE,1e-08,0.295981072903309,FALSE,0,1,NA,0.102907595671243,0.293054842997877,2.84774744843999,131,81,0.0324,0,0,0.00702905654907227,4,2.68326840230086,5.54707413691853,1e-07,"case_norm_mode"
2,136.355976421631,-0.164260383262672,0.00119444517460885,NA,NA,0.570101105857934,0.636901659561332,0,TRUE,FALSE,NA,NA,5,FALSE,1e-08,0.166235206198689,FALSE,0,1,NA,0.102949594700101,0.293028091870897,2.84632584251066,131,81,0.0324,0,0,0.0120470523834229,4,2.68326840230086,5.54707413691853,1e-07,"case_norm_mode"
0,135.085930877657,NA,NA,NA,NA,NA,NA,NA,NA,NA,NA,NA,0,NA,NA,NA,NA,NA,NA,NA,0.102949594700101,0.293028091870897,2.84632584251066,131,81,0.0324,0,0,0,5,2.29544825067144,4.74534027718437,1e-07,"case_norm_mode"
1,134.441687089757,-0.644243787899768,0.00473409546265994,NA,NA,7.36235596374383,0.119583524587525,0,TRUE,FALSE,NA,NA,5,FALSE,1e-08,2.10175528833647,FALSE,0,1,NA,0.102895286958537,0.29300319913093,2.84758619944371,149,99,0.0396,0,0,0.0049741268157959,5,2.29544825067144,4.74534027718437,1e-07,"case_norm_mode"
2,134.431601909376,-0.01008518038131,7.44614202466822e-05,NA,NA,9.34460073604749,0.048334393250932,1,TRUE,FALSE,NA,NA,5,FALSE,1e-08,2.58820730685519,FALSE,0,1,NA,0.102774588786206,0.292761179005929,2.84857553276071,150,100,0.04,0,0,0.0104670524597168,5,2.29544825067144,4.74534027718437,1e-07,"case_norm_mode"
0,132.159006792695,NA,NA,NA,NA,NA,NA,NA,NA,NA,NA,NA,0,NA,NA,NA,NA,NA,NA,NA,0.102774588786206,0.292761179005929,2.84857553276071,150,100,0.04,0,0,0,6,1.96368081068312,4.05948321411427,1e-07,"case_norm_mode"
1,131.838786743579,-0.320220049115619,0.00240479451468232,NA,NA,0.995645999595211,0.501090874936154,0,TRUE,FALSE,NA,NA,10,FALSE,1e-09,0.264448794667876,TRUE,1,2,NA,0.104996195503163,0.296482658018694,2.82374667575228,150,100,0.04,0,0,0.0118510723114014,6,1.96368081068312,4.05948321411427,1e-07,"case_norm_mode"
2,131.604823310805,-0.233963432774743,0.0017612584284315,NA,NA,0.618642372285992,0.617801694260425,0,TRUE,FALSE,NA,NA,5,FALSE,1e-08,0.189191723046102,FALSE,0,1,NA,0.106150157580749,0.300002518048152,2.82620888075402,150,100,0.04,0,0,0.0167698860168457,6,1.96368081068312,4.05948321411427,1e-07,"case_norm_mode"
0,129.20734165165,NA,NA,NA,NA,NA,NA,NA,NA,NA,NA,NA,0,NA,NA,NA,NA,NA,NA,NA,0.106150157580749,0.300002518048152,2.82620888075402,150,100,0.04,0,0,0,7,1.67986462997683,3.47275495603733,1e-07,"case_norm_mode"
1,128.50774291808,-0.6995987335699,0.00537295919489371,NA,NA,1.24221540465046,0.445987480919966,0,TRUE,FALSE,NA,NA,10,FALSE,1e-09,0.432692465730483,TRUE,1,2,NA,0.107895884962392,0.304640378098131,2.82346614242347,150,100,0.04,0,0,0.0176029205322266,7,1.67986462997683,3.47275495603733,1e-07,"case_norm_mode"
2,128.117398475031,-0.39034444304886,0.00301406259003195,NA,NA,0.842169503661025,0.542838212234355,0,TRUE,FALSE,NA,NA,5,FALSE,1e-08,0.307365582133014,FALSE,0,1,NA,0.109758536248715,0.310395662732091,2.82798653608797,150,100,0.04,0,0,0.0223169326782227,7,1.67986462997683,3.47275495603733,1e-07,"case_norm_mode"
0,125.239700993952,NA,NA,NA,NA,NA,NA,NA,NA,NA,NA,NA,0,NA,NA,NA,NA,NA,NA,NA,0.109758536248715,0.310395662732091,2.82798653608797,150,100,0.04,0,0,0,8,1.4370691813531,2.97082814451621,1e-07,"case_norm_mode"
1,124.513437577622,-0.726263416330326,0.00575305082800474,NA,NA,11.4788078779501,0.0801358599139097,0,TRUE,FALSE,NA,NA,5,FALSE,1e-08,3.42784482063367,FALSE,0,1,NA,0.109651774224409,0.308990306257135,2.81792345306485,150,100,0.04,0,0,0.00540399551391602,8,1.4370691813531,2.97082814451621,1e-07,"case_norm_mode"
2,124.492327695918,-0.0211098817040352,0.000168188220412497,NA,NA,1.17807718902565,0.459120551392094,0,TRUE,FALSE,NA,NA,10,FALSE,1e-09,0.236102700276358,TRUE,1,2,NA,0.112571388211536,0.320847879698973,2.85017254203226,150,100,0.04,0,0,0.0175759792327881,8,1.4370691813531,2.97082814451621,1e-07,"case_norm_mode"
0,121.480935367893,NA,NA,NA,NA,NA,NA,NA,NA,NA,NA,NA,0,NA,NA,NA,NA,NA,NA,NA,0.112571388211536,0.320847879698973,2.85017254203226,150,100,0.04,0,0,0,9,1.22936562574292,2.54144619357784,1e-07,"case_norm_mode"
1,120.698376752379,-0.782558615514233,0.00638922794934316,NA,NA,1.27352398919355,0.439845809744331,0,TRUE,FALSE,NA,NA,5,FALSE,1e-08,0.519147844578887,FALSE,0,1,NA,0.115422994590483,0.334649374924381,2.89933020808987,150,100,0.04,0,0,0.00501704216003418,9,1.22936562574292,2.54144619357784,1e-07,"case_norm_mode"
2,119.979937123863,-0.718439628515853,0.00590344462833446,NA,NA,2.62560613457373,0.275815949908075,0,TRUE,FALSE,NA,NA,5,FALSE,1e-08,1.01949811268133,FALSE,0,1,NA,0.116866836887774,0.342830601572336,2.93351485076604,150,100,0.04,1,0.000816326530612245,0.0159769058227539,9,1.22936562574292,2.54144619357784,1e-07,"case_norm_mode"
0,116.586774113099,NA,NA,NA,NA,NA,NA,NA,NA,NA,NA,NA,0,NA,NA,NA,NA,NA,NA,NA,0.116866836887774,0.342830601572336,2.93351485076604,150,100,0.04,1,0.000816326530612245,0,10,1.05168203547115,2.17412399528183,1e-07,"case_norm_mode"
1,115.794515392746,-0.792258720353004,0.00673765163070961,NA,NA,2.47067512198535,0.288128379883613,0,TRUE,FALSE,NA,NA,5,FALSE,1e-08,1.07665998082702,FALSE,0,1,NA,0.119148958614012,0.355441880560216,2.98317236419737,150,100,0.04,5,0.00408163265306122,0.0128090381622314,10,1.05168203547115,2.17412399528183,1e-07,"case_norm_mode"
2,115.423036828821,-0.371478563925365,0.00318061650991222,NA,NA,1.60285926346021,0.384192881281876,0,TRUE,FALSE,NA,NA,5,FALSE,1e-08,0.772411325674137,FALSE,0,1,NA,0.121637875831743,0.369758151370218,3.03982742909528,150,100,0.04,5,0.00408163265306122,0.0179011821746826,10,1.05168203547115,2.17412399528183,1e-07,"case_norm_mode"
0,111.668401026841,NA,NA,NA,NA,NA,NA,NA,NA,NA,NA,NA,0,NA,NA,NA,NA,NA,NA,NA,0.121637875831743,0.369758151370218,3.03982742909528,150,100,0.04,5,0.00408163265306122,0,11,0.899679542499283,1.85989188313518,1e-07,"case_norm_mode"
1,111.125224254208,-0.54317677263252,0.00482102140158286,NA,NA,1.90553090267666,0.344171180240682,0,TRUE,FALSE,NA,NA,5,FALSE,1e-08,1.00166905440455,FALSE,0,1,NA,0.123854916447357,0.38820687107562,3.13436787340309,150,100,0.04,7,0.00571428571428571,0.0112760066986084,11,0.899679542499283,1.85989188313518,1e-07,"case_norm_mode"
2,110.8622741884,-0.262950065807942,0.0023451463982073,NA,NA,1.09395538636658,0.477565093559703,0,TRUE,FALSE,NA,NA,5,FALSE,1e-08,0.643239357922847,FALSE,0,1,NA,0.126066812034695,0.408110717553873,3.23725737937719,150,100,0.04,7,0.00571428571428571,0.0180299282073975,11,0.899679542499283,1.85989188313518,1e-07,"case_norm_mode"
0,106.860380126996,NA,NA,NA,NA,NA,NA,NA,NA,NA,NA,NA,0,NA,NA,NA,NA,NA,NA,NA,0.126066812034695,0.408110717553873,3.23725737937719,150,100,0.04,7,0.00571428571428571,0,12,0.769646387302891,1.5910766011778,1e-07,"case_norm_mode"
1,106.445016757749,-0.415363369247331,0.00385093552199869,NA,NA,1.49650693538145,0.40055967232761,0,TRUE,FALSE,NA,NA,5,FALSE,1e-08,0.927225851698759,FALSE,0,1,NA,0.127719985437215,0.431122244031168,3.37552688058441,150,100,0.04,11,0.00897959183673469,0.0106549263000488,12,0.769646387302891,1.5910766011778,1e-07,"case_norm_mode"
2,106.220187620664,-0.224829137084711,0.00209250409064222,NA,NA,0.825678826824628,0.547741467615793,0,TRUE,FALSE,NA,NA,5,FALSE,1e-08,0.547895440696859,FALSE,0,1,NA,0.129584002497985,0.453769256187382,3.501738234968,150,100,0.04,12,0.00979591836734694,0.0158989429473877,12,0.769646387302891,1.5910766011778,1e-07,"case_norm_mode"
0,102.105755470935,NA,NA,NA,NA,NA,NA,NA,NA,NA,NA,NA,0,NA,NA,NA,NA,NA,NA,NA,0.129584002497985,0.453769256187382,3.501738234968,150,100,0.04,12,0.00979591836734694,0,13,0.658407281155739,1.3611139302077,1e-07,"case_norm_mode"
1,101.77794655661,-0.32780891432509,0.00317934641793589,NA,NA,1.2515751190509,0.444133527475436,0,TRUE,FALSE,NA,NA,5,FALSE,1e-08,0.882594094591328,FALSE,0,1,NA,0.130940368074107,0.47950247474629,3.66199119338745,150,100,0.04,19,0.0155102040816327,0.0123147964477539,13,0.658407281155739,1.3611139302077,1e-07,"case_norm_mode"
2,101.601703634396,-0.176242922213191,0.00171479318392606,NA,NA,0.672255448553718,0.597994762621266,0,TRUE,FALSE,NA,NA,5,FALSE,1e-08,0.496726353856905,FALSE,0,1,NA,0.132826957240929,0.503256653932875,3.78881414124424,150,100,0.04,19,0.0155102040816327,0.0174808502197266,13,0.658407281155739,1.3611139302077,1e-07,"case_norm_mode"
0,97.4768725144481,NA,NA,NA,NA,NA,NA,NA,NA,NA,NA,NA,0,NA,NA,NA,NA,NA,NA,NA,0.132826957240929,0.503256653932875,3.78881414124424,150,100,0.04,19,0.0155102040816327,0,14,0.563245868531947,1.16438839565236,1e-07,"case_norm_mode"
1,97.2049007220718,-0.271971792376306,0.00276178340590988,NA,NA,1.08407915736066,0.479828223639274,0,TRUE,FALSE,NA,NA,5,FALSE,1e-08,0.853599888304724,FALSE,0,1,NA,0.133750880813714,0.530769811809633,3.96834629110876,150,100,0.04,26,0.0212244897959184,0.0133340358734131,14,0.563245868531947,1.16438839565236,1e-07,"case_norm_mode"
2,97.0653877003363,-0.139513021735524,0.00142063197161981,NA,NA,0.57620858337798,0.634433799273504,0,TRUE,FALSE,NA,NA,5,FALSE,1e-08,0.47464559599477,FALSE,0,1,NA,0.135699209616781,0.555314625570739,4.0922465734249,150,100,0.04,26,0.0212244897959184,0.0185110569000244,14,0.563245868531947,1.16438839565236,1e-07,"case_norm_mode"
0,92.9974921729653,NA,NA,NA,NA,NA,NA,NA,NA,NA,NA,NA,0,NA,NA,NA,NA,NA,NA,NA,0.135699209616781,0.555314625570739,4.0922465734249,150,100,0.04,26,0.0212244897959184,0,15,0.481838396230109,0.996096142901866,1e-07,"case_norm_mode"
1,92.7605160392318,-0.236976133733492,0.00252108995947925,NA,NA,0.965883928486435,0.508677030983165,0,TRUE,FALSE,NA,NA,5,FALSE,1e-08,0.831236494121063,FALSE,0,1,NA,0.135573608108366,0.584079322250065,4.30820814168494,153,103,0.0412,32,0.0261224489795918,0.0114879608154297,15,0.481838396230109,0.996096142901866,1e-07,"case_norm_mode"
2,92.6457136836608,-0.114802355571058,0.00122442111477951,NA,NA,0.52095102178897,0.657483367757485,0,TRUE,FALSE,NA,NA,5,FALSE,1e-08,0.475081178592029,FALSE,0,1,NA,0.137005962910986,0.609478679750319,4.44855586428965,153,103,0.0412,32,0.0261224489795918,0.0183508396148682,15,0.481838396230109,0.996096142901866,1e-07,"case_norm_mode"
0,88.6837244540213,NA,NA,NA,NA,NA,NA,NA,NA,NA,NA,NA,0,NA,NA,NA,NA,NA,NA,NA,0.137005962910986,0.609478679750319,4.44855586428965,153,103,0.0412,32,0.0261224489795918,0,16,0.412196969481073,0.85212763164655,1e-07,"case_norm_mode"
1,88.472211020671,-0.211513433350305,0.00235843721520222,NA,NA,0.878246060375679,0.532411605218532,0,TRUE,FALSE,NA,NA,5,FALSE,1e-08,0.813873544447213,FALSE,0,1,NA,0.136013554738559,0.639228648383028,4.69974223974759,155,105,0.042,43,0.0351020408163265,0.0109670162200928,16,0.412196969481073,0.85212763164655,1e-07,"case_norm_mode"
2,88.3701252339308,-0.10208578674019,0.00114097757924642,NA,NA,0.499114110222883,0.66706062812745,0,TRUE,FALSE,NA,NA,5,FALSE,1e-08,0.488981933711516,FALSE,0,1,NA,0.137408175812271,0.665414487124016,4.84261204393771,156,106,0.0424,43,0.0351020408163265,0.0177681446075439,16,0.412196969481073,0.85212763164655,1e-07,"case_norm_mode"
0,84.5513241859474,NA,NA,NA,NA,NA,NA,NA,NA,NA,NA,NA,0,NA,NA,NA,NA,NA,NA,NA,0.137408175812271,0.665414487124016,4.84261204393771,156,106,0.0424,43,0.0351020408163265,0,17,0.352621009406314,0.728967284724337,1e-07,"case_norm_mode"
1,84.3496835433149,-0.201640642632469,0.00235695524939158,NA,NA,0.830507945927726,0.546296454066025,0,TRUE,FALSE,NA,NA,5,FALSE,1e-08,0.804692615388309,FALSE,0,1,NA,0.134118883124203,0.695651369839509,5.18682644557432,167,117,0.0468,53,0.043265306122449,0.010977029800415,17,0.352621009406314,0.728967284724337,1e-07,"case_norm_mode"
2,84.2528058019025,-0.0968777414124844,0.00113506854847703,NA,NA,0.532784578942274,0.652407398755322,0,TRUE,FALSE,NA,NA,5,FALSE,1e-08,0.51488204290981,FALSE,0,1,NA,0.13362639445925,0.722089364964049,5.40379292493936,171,121,0.0484,53,0.043265306122449,0.0177321434020996,17,0.352621009406314,0.728967284724337,1e-07,"case_norm_mode"
0,80.596253068559,NA,NA,NA,NA,NA,NA,NA,NA,NA,NA,NA,0,NA,NA,NA,NA,NA,NA,NA,0.13362639445925,0.722089364964049,5.40379292493936,171,121,0.0484,53,0.043265306122449,0,18,0.301655726463164,0.623607640995718,1e-07,"case_norm_mode"
1,80.4096724258128,-0.186580642746208,0.0022866324828597,NA,NA,0.880904990928985,0.531658964606233,0,TRUE,FALSE,NA,NA,5,FALSE,1e-08,0.817481609748868,FALSE,0,1,NA,0.128375467989648,0.751629422223321,5.85493033827874,178,128,0.0512,63,0.0514285714285714,0.0128738880157471,18,0.301655726463164,0.623607640995718,1e-07,"case_norm_mode"
2,80.3178244994696,-0.0918479263432062,0.00112821884189382,NA,NA,0.749387930035741,0.571628500934935,0,TRUE,FALSE,NA,NA,5,FALSE,1e-08,0.581285589968327,FALSE,0,1,NA,0.126394091401857,0.776497002649485,6.14345966680271,182,132,0.0528,64,0.0522448979591837,0.0183959007263184,18,0.301655726463164,0.623607640995718,1e-07,"case_norm_mode"
0,76.8482548647743,NA,NA,NA,NA,NA,NA,NA,NA,NA,NA,NA,0,NA,NA,NA,NA,NA,NA,NA,0.126394091401857,0.776497002649485,6.14345966680271,182,132,0.0528,64,0.0522448979591837,0,19,0.258056595837054,0.533475915939497,1e-07,"case_norm_mode"
1,76.6794597918025,-0.168795072971875,0.00216825763487029,NA,NA,1.19132794331253,0.45634429253357,0,TRUE,FALSE,NA,NA,5,FALSE,1e-08,0.89342716670936,FALSE,0,1,NA,0.120542208280996,0.803301554965621,6.66406868117964,190,140,0.056,79,0.0644897959183673,0.0121150016784668,19,0.258056595837054,0.533475915939497,1e-07,"case_norm_mode"
2,76.5794472054427,-0.100012586359782,0.00128750362873064,NA,NA,1.2482087719059,0.444798549181114,0,TRUE,FALSE,NA,NA,5,FALSE,1e-08,0.736680048566139,FALSE,0,1,NA,0.118107281863048,0.826021439060308,6.993823124455,197,147,0.0588,79,0.0644897959183673,0.0177898406982422,19,0.258056595837054,0.533475915939497,1e-07,"case_norm_mode"
0,73.3275337487059,NA,NA,NA,NA,NA,NA,NA,NA,NA,NA,NA,0,NA,NA,NA,NA,NA,NA,NA,0.118107281863048,0.826021439060308,6.993823124455,197,147,0.0588,79,0.0644897959183673,0,20,0.220758967302882,0.456371176647336,1e-07,"case_norm_mode"
1,73.1476688084572,-0.179864940248677,0.00241989651986548,NA,NA,1.64301156879672,0.378356270477949,0,TRUE,FALSE,NA,NA,5,FALSE,1e-08,1.04321088186345,FALSE,0,1,NA,0.112655655016334,0.851212583081147,7.55587975550566,217,167,0.0668,97,0.0791836734693878,0.0132589340209961,20,0.220758967302882,0.456371176647336,1e-07,"case_norm_mode"
2,73.0220182988337,-0.125650509623526,0.00169459824756074,NA,NA,1.63663314356882,0.379271573081436,0,TRUE,FALSE,NA,NA,5,FALSE,1e-08,0.916413464285222,FALSE,0,1,NA,0.110048505108524,0.874730011889608,7.94858604419018,224,174,0.0696,99,0.0808163265306122,0.0183818340301514,20,0.220758967302882,0.456371176647336,1e-07,"case_norm_mode"
0,69.9849261579953,NA,NA,NA,NA,NA,NA,NA,NA,NA,NA,NA,0,NA,NA,NA,NA,NA,NA,NA,0.110048505108524,0.874730011889608,7.94858604419018,224,174,0.0696,99,0.0808163265306122,0,21,0.188852067456581,0.390410597088876,1e-07,"case_norm_mode"
1,69.7820639554202,-0.202862202575091,0.0028578208579603,NA,NA,1.90176650107112,0.344617666387311,0,TRUE,FALSE,NA,NA,5,FALSE,1e-08,1.18223240497692,FALSE,0,1,NA,0.105126626826636,0.900591558858866,8.56673124634762,242,192,0.0768,117,0.0955102040816326,0.0123589038848877,21,0.188852067456581,0.390410597088876,1e-07,"case_norm_mode"
2,69.6407114943303,-0.141352461089895,0.00199700959806599,NA,NA,1.92015445681034,0.342447639256826,0,TRUE,FALSE,NA,NA,5,FALSE,1e-08,1.0648036731646,FALSE,0,1,NA,0.102697683810209,0.924819882484611,9.00526524233721,248,198,0.0792,119,0.0971428571428571,0.017474889755249,21,0.188852067456581,0.390410597088876,1e-07,"case_norm_mode"
0,66.8039776526311,NA,NA,NA,NA,NA,NA,NA,NA,NA,NA,NA,0,NA,NA,NA,NA,NA,NA,NA,0.102697683810209,0.924819882484611,9.00526524233721,248,198,0.0792,119,0.0971428571428571,0,22,0.161556759475561,0.333983481251,1e-07,"case_norm_mode"
1,66.5904957312696,-0.213481921361478,0.00314851618964265,NA,NA,2.14830571823194,0.317631160852317,0,TRUE,FALSE,NA,NA,5,FALSE,1e-08,1.30360639148266,FALSE,0,1,NA,0.0983065546554557,0.950747738401676,9.67125479815514,286,236,0.0944,142,0.115918367346939,0.0124821662902832,22,0.161556759475561,0.333983481251,1e-07,"case_norm_mode"
2,66.4418542458037,-0.148641485465902,0.00219914773309075,NA,NA,2.21920948788061,0.31063526737378,0,TRUE,FALSE,NA,NA,5,FALSE,1e-08,1.1991733545224,FALSE,0,1,NA,0.0962069060614434,0.974920060867378,10.1335766919345,297,247,0.0988,144,0.117551020408163,0.0274291038513184,22,0.161556759475561,0.333983481251,1e-07,"case_norm_mode"
0,63.7957710550942,NA,NA,NA,NA,NA,NA,NA,NA,NA,NA,NA,0,NA,NA,NA,NA,NA,NA,NA,0.0962069060614434,0.974920060867378,10.1335766919345,297,247,0.0988,144,0.117551020408163,0,23,0.138206517322057,0.285711931439055,1e-07,"case_norm_mode"
1,63.5738881420324,-0.221882913061833,0.00342434250644493,NA,NA,2.41342583526609,0.292960810710582,0,TRUE,FALSE,NA,NA,5,FALSE,1e-08,1.41982926250586,FALSE,0,1,NA,0.0923928785113579,1.00052513280261,10.8290286970506,337,287,0.1148,173,0.141224489795918,0.0111110210418701,23,0.138206517322057,0.285711931439055,1e-07,"case_norm_mode"
2,63.4221504532249,-0.151737688807493,0.00234983045273256,NA,NA,2.52623020191213,0.283588972568422,0,TRUE,FALSE,NA,NA,5,FALSE,1e-08,1.33036019987594,FALSE,0,1,NA,0.0905743620927938,1.02443654312762,11.3104472331595,351,301,0.1204,176,0.143673469387755,0.0162668228149414,23,0.138206517322057,0.285711931439055,1e-07,"case_norm_mode"
0,60.9573644471665,NA,NA,NA,NA,NA,NA,NA,NA,NA,NA,NA,0,NA,NA,NA,NA,NA,NA,NA,0.0905743620927938,1.02443654312762,11.3104472331595,351,301,0.1204,176,0.143673469387755,0,24,0.118231149797118,0.244417201296511,1e-07,"case_norm_mode"
1,60.7297501078307,-0.227614339335744,0.00367372533300444,NA,NA,2.69294400796762,0.270786667180026,0,TRUE,FALSE,NA,NA,5,FALSE,1e-08,1.53468529625004,FALSE,0,1,NA,0.0872781288645256,1.04939943048618,12.0236242932645,407,357,0.1428,199,0.162448979591837,0.0134618282318115,24,0.118231149797118,0.244417201296511,1e-07,"case_norm_mode"
2,60.5798316364439,-0.149918471386883,0.00242862592388601,NA,NA,2.86782803093751,0.258543035523121,0,TRUE,FALSE,NA,NA,5,FALSE,1e-08,1.46166164041691,FALSE,0,1,NA,0.0857663602169874,1.07263843859262,12.5065169593167,432,382,0.1528,204,0.166530612244898,0.0186569690704346,24,0.118231149797118,0.244417201296511,1e-07,"case_norm_mode"
0,58.2878740548004,NA,NA,NA,NA,NA,NA,NA,NA,NA,NA,NA,0,NA,NA,NA,NA,NA,NA,NA,0.0857663602169874,1.07263843859262,12.5065169593167,432,382,0.1528,204,0.166530612244898,0,25,0.101142877001776,0.209090911915109,1e-07,"case_norm_mode"
1,58.0558056783214,-0.232068376479027,0.00391426375424634,NA,NA,3.03942741040488,0.247559839155463,0,TRUE,FALSE,NA,NA,5,FALSE,1e-08,1.6616530626783,FALSE,0,1,NA,0.0829674561843621,1.09644112896976,13.2153157321512,506,456,0.1824,227,0.18530612244898,0.0108509063720703,25,0.101142877001776,0.209090911915109,1e-07,"case_norm_mode"
2,57.9085720819461,-0.147233596375287,0.00249312653826573,NA,NA,3.31094928429274,0.231967470283998,0,TRUE,FALSE,NA,NA,5,FALSE,1e-08,1.613475065046,FALSE,0,1,NA,0.0816776733494584,1.11846836446983,13.6936854173656,533,483,0.1932,236,0.19265306122449,0.0176889896392822,25,0.101142877001776,0.209090911915109,1e-07,"case_norm_mode"
0,55.7800928105858,NA,NA,NA,NA,NA,NA,NA,NA,NA,NA,NA,0,NA,NA,NA,NA,NA,NA,NA,0.0816776733494584,1.11846836446983,13.6936854173656,533,483,0.1932,236,0.19265306122449,0,26,0.0865244192055192,0.178870428159656,1e-07,"case_norm_mode"
1,55.5402869870469,-0.239805823538902,0.00422341372950685,NA,NA,3.44810207217286,0.224814984857465,0,TRUE,FALSE,NA,NA,5,FALSE,1e-08,1.80485566500265,FALSE,0,1,NA,0.0792775808557202,1.14099880991872,14.3924524134416,631,581,0.2324,263,0.21469387755102,0.011228084564209,26,0.0865244192055192,0.178870428159656,1e-07,"case_norm_mode"
2,55.3926944606843,-0.147592526362637,0.00261039577666893,NA,NA,3.73549240921974,0.211171281375735,0,TRUE,FALSE,NA,NA,5,FALSE,1e-08,1.77605553524187,FALSE,0,1,NA,0.0781671009629772,1.16206704559628,14.8664467695517,656,606,0.2424,273,0.222857142857143,0.0165650844573975,26,0.0865244192055192,0.178870428159656,1e-07,"case_norm_mode"
0,53.4186133925717,NA,NA,NA,NA,NA,NA,NA,NA,NA,NA,NA,0,NA,NA,NA,NA,NA,NA,NA,0.0781671009629772,1.16206704559628,14.8664467695517,656,606,0.2424,273,0.222857142857143,0,27,0.0740188072633227,0.153017793920229,1e-07,"case_norm_mode"
1,53.1728764648798,-0.245736927691922,0.00451567786042608,NA,NA,3.85071578719702,0.206155141605987,0,TRUE,FALSE,NA,NA,5,FALSE,1e-08,1.95278887244355,FALSE,0,1,NA,0.0761127080569908,1.18352000897811,15.5495716706326,763,713,0.2852,302,0.246530612244898,0.0128688812255859,27,0.0740188072633227,0.153017793920229,1e-07,"case_norm_mode"
2,53.0240223869773,-0.148854077902534,0.00274776027444354,NA,NA,4.14977117665254,0.194183385182955,0,TRUE,FALSE,NA,NA,5,FALSE,1e-08,1.93835988121659,FALSE,0,1,NA,0.0751646906398027,1.20374214136259,16.0147288722448,799,749,0.2996,307,0.250612244897959,0.0181248188018799,27,0.0740188072633227,0.153017793920229,1e-07,"case_norm_mode"
0,51.1963305867849,NA,NA,NA,NA,NA,NA,NA,NA,NA,NA,NA,0,NA,NA,NA,NA,NA,NA,NA,0.0751646906398027,1.20374214136259,16.0147288722448,799,749,0.2996,307,0.250612244897959,0,28,0.0633206657610876,0.130901711910223,1e-07,"case_norm_mode"
1,50.9483153618663,-0.248015224918625,0.00475158353337231,NA,NA,4.26214663312209,0.190036513559997,0,TRUE,FALSE,NA,NA,5,FALSE,1e-08,2.10502835027221,FALSE,0,1,NA,0.0733932325516493,1.2240402372761,16.6778351997876,895,845,0.338,334,0.27265306122449,0.0110819339752197,28,0.0633206657610876,0.130901711910223,1e-07,"case_norm_mode"
2,50.8004164253978,-0.147898936468437,0.00284704009048588,NA,NA,4.60011272748133,0.178567834017469,0,TRUE,FALSE,NA,NA,5,FALSE,1e-08,2.1015196083394,FALSE,0,1,NA,0.0725399526624855,1.24323056339282,17.1385632022305,950,900,0.36,345,0.281632653061224,0.0186660289764404,28,0.0633206657610876,0.130901711910223,1e-07,"case_norm_mode"
0,49.1124706964579,NA,NA,NA,NA,NA,NA,NA,NA,NA,NA,NA,0,NA,NA,NA,NA,NA,NA,NA,0.0725399526624855,1.24323056339282,17.1385632022305,950,900,0.36,345,0.281632653061224,0,29,0.054168756032011,0.111982127973692,1e-07,"case_norm_mode"
1,48.8647726006152,-0.247698095842765,0.00494284341602563,NA,NA,4.71299199705177,0.17503962906233,0,TRUE,FALSE,NA,NA,5,FALSE,1e-08,2.25917115192304,FALSE,0,1,NA,0.071079781268403,1.26263158005151,17.7635828011867,1062,1012,0.4048,367,0.299591836734694,0.00828385353088379,29,0.054168756032011,0.111982127973692,1e-07,"case_norm_mode"
2,48.7180542976429,-0.146718302972232,0.00294232371512754,NA,NA,5.04433232151448,0.165444245419888,0,TRUE,FALSE,NA,NA,5,FALSE,1e-08,2.26532382027375,FALSE,0,1,NA,0.0703529966744341,1.28094297508716,18.2073690622569,1113,1063,0.4252,376,0.306938775510204,0.0135250091552734,29,0.054168756032011,0.111982127973692,1e-07,"case_norm_mode"
0,47.1636514283121,NA,NA,NA,NA,NA,NA,NA,NA,NA,NA,NA,0,NA,NA,NA,NA,NA,NA,NA,0.0703529966744341,1.28094297508716,18.2073690622569,1113,1063,0.4252,376,0.306938775510204,0,30,0.0463395969512803,0.0957970434650741,1e-07,"case_norm_mode"
1,46.9168267657115,-0.246824662600574,0.00512470826610713,NA,NA,5.13781263530083,0.162924491088019,0,TRUE,FALSE,NA,NA,5,FALSE,1e-08,2.41066353506878,FALSE,0,1,NA,0.0691954649609169,1.29957370629397,18.7811976843857,1219,1169,0.4676,398,0.324897959183673,0.00997400283813477,30,0.0463395969512803,0.0957970434650741,1e-07,"case_norm_mode"
2,46.7714287104051,-0.145398055306451,0.00303438405922354,NA,NA,5.45846033249248,0.154835664929148,0,TRUE,FALSE,NA,NA,5,FALSE,1e-08,2.42446128999667,FALSE,0,1,NA,0.0686365768591623,1.31715814975522,19.1903240229759,1283,1233,0.4932,401,0.32734693877551,0.0150580406188965,30,0.0463395969512803,0.0957970434650741,1e-07,"case_norm_mode"
0,45.3433114183327,NA,NA,NA,NA,NA,NA,NA,NA,NA,NA,NA,0,NA,NA,NA,NA,NA,NA,NA,0.0686365768591623,1.31715814975522,19.1903240229759,1283,1233,0.4932,401,0.32734693877551,0,31,0.03964200773483,0.0819512336719061,1e-07,"case_norm_mode"
1,45.09772824626,-0.245583172072649,0.00529921502276379,NA,NA,5.53224335317252,0.153086764520849,0,TRUE,FALSE,NA,NA,5,FALSE,1e-08,2.5573379364796,FALSE,0,1,NA,0.0677046511473237,1.33507177849933,19.719055572626,1389,1339,0.5356,428,0.349387755102041,0.00818800926208496,31,0.03964200773483,0.0819512336719061,1e-07,"case_norm_mode"
2,44.954610410719,-0.143117835541062,0.00310466135720416,NA,NA,5.84299849632012,0.146134768338435,0,TRUE,FALSE,NA,NA,5,FALSE,1e-08,2.57481302044044,FALSE,0,1,NA,0.067290279518559,1.351985457038,20.0918389210305,1431,1381,0.5524,435,0.355102040816327,0.0155181884765625,31,0.03964200773483,0.0819512336719061,1e-07,"case_norm_mode"
0,43.6455654840069,NA,NA,NA,NA,NA,NA,NA,NA,NA,NA,NA,0,NA,NA,NA,NA,NA,NA,NA,0.067290279518559,1.351985457038,20.0918389210305,1431,1381,0.5524,435,0.355102040816327,0,32,0.0339124394823833,0.0701065967948781,1e-07,"case_norm_mode"
1,43.4027160599266,-0.242849424080347,0.00543949710228985,NA,NA,5.90187498315857,0.144888164801612,0,TRUE,FALSE,NA,NA,5,FALSE,1e-08,2.69448427160517,FALSE,0,1,NA,0.0665068383329157,1.3692127549825,20.5875484281568,1515,1465,0.586,467,0.381224489795918,0.00803995132446289,32,0.0339124394823833,0.0701065967948781,1e-07,"case_norm_mode"
2,43.261918355336,-0.14079770459059,0.00317092549925475,NA,NA,6.19539312765802,0.13897781292257,0,TRUE,FALSE,NA,NA,5,FALSE,1e-08,2.71307232494744,FALSE,0,1,NA,0.0661826945519937,1.38544898928704,20.9337047798593,1567,1517,0.6068,476,0.388571428571429,0.0133368968963623,32,0.0339124394823833,0.0701065967948781,1e-07,"case_norm_mode"
0,42.0649922068677,NA,NA,NA,NA,NA,NA,NA,NA,NA,NA,NA,0,NA,NA,NA,NA,NA,NA,NA,0.0661826945519937,1.38544898928704,20.9337047798593,1567,1517,0.6068,476,0.388571428571429,0,33,0.0290109814653977,0.059973897816312,1e-07,"case_norm_mode"
1,41.8279481837634,-0.23704402310436,0.00550433219552651,NA,NA,6.2577425752823,0.137783889360543,0,TRUE,FALSE,NA,NA,5,FALSE,1e-08,2.82012602522428,FALSE,0,1,NA,0.0655011435589907,1.40206539588778,21.4052048515012,1650,1600,0.64,503,0.410612244897959,0.00992488861083984,33,0.0290109814653977,0.059973897816312,1e-07,"case_norm_mode"
2,41.69031907532,-0.137629108443406,0.00321353495275739,NA,NA,6.53695758202542,0.132679531378133,0,TRUE,FALSE,NA,NA,5,FALSE,1e-08,2.8405637769405,FALSE,0,1,NA,0.065230520312897,1.4332994740162,21.9728352179465,1686,1636,0.6544,516,0.421224489795918,0.0150909423828125,33,0.0290109814653977,0.059973897816312,1e-07,"case_norm_mode"
0,40.5986124283545,NA,NA,NA,NA,NA,NA,NA,NA,NA,NA,NA,0,NA,NA,NA,NA,NA,NA,NA,0.065230520312897,1.4332994740162,21.9728352179465,1686,1636,0.6544,516,0.421224489795918,0,34,0.0248179446371843,0.0513057056500027,1e-07,"case_norm_mode"
1,40.3687032219531,-0.229909206401416,0.00552684796391682,NA,NA,6.58424647209774,0.131852255023485,0,TRUE,FALSE,NA,NA,5,FALSE,1e-08,2.93420417787896,FALSE,0,1,NA,0.064677980185331,1.47200796543384,22.7590280527605,1749,1699,0.6796,549,0.448163265306122,0.00828194618225098,34,0.0248179446371843,0.0513057056500027,1e-07,"case_norm_mode"
2,40.2355826557827,-0.133120566170419,0.00321790522309087,NA,NA,6.84235918868066,0.127512649693903,0,TRUE,FALSE,NA,NA,5,FALSE,1e-08,2.95529640160694,FALSE,0,1,NA,0.064448169802471,1.51043541789426,23.4364361707034,1798,1748,0.6992,568,0.463673469387755,0.0163741111755371,34,0.0248179446371843,0.0513057056500027,1e-07,"case_norm_mode"
0,39.2421791238722,NA,NA,NA,NA,NA,NA,NA,NA,NA,NA,NA,0,NA,NA,NA,NA,NA,NA,NA,0.064448169802471,1.51043541789426,23.4364361707034,1798,1748,0.6992,568,0.463673469387755,0,35,0.021230938937691,0.0438903511041895,1e-07,"case_norm_mode"
1,39.0205991505593,-0.221579973312906,0.00550616239321547,NA,NA,6.86694613978015,0.12711412818036,0,TRUE,FALSE,NA,NA,5,FALSE,1e-08,3.03539414375049,FALSE,0,1,NA,0.0639081755945795,1.55029875595869,24.2582227005426,1870,1820,0.728,597,0.48734693877551,0.00540995597839355,35,0.021230938937691,0.0438903511041895,1e-07,"case_norm_mode"
2,38.8932824999603,-0.127316650599028,0.00318127797437656,NA,NA,7.14765706259039,0.122734669895651,0,TRUE,FALSE,NA,NA,5,FALSE,1e-08,3.05569015595612,FALSE,0,1,NA,0.063717360516281,1.58935038643823,24.9437574557427,1912,1862,0.7448,608,0.496326530612245,0.0105509757995605,35,0.021230938937691,0.0438903511041895,1e-07,"case_norm_mode"
0,37.991459488679,NA,NA,NA,NA,NA,NA,NA,NA,NA,NA,NA,0,NA,NA,NA,NA,NA,NA,NA,0.063717360516281,1.58935038643823,24.9437574557427,1912,1862,0.7448,608,0.496326530612245,0,36,0.0181623730234537,0.0375467581167345,1e-07,"case_norm_mode"
1,37.7811296705605,-0.210329818118552,0.00539425353338262,NA,NA,7.17853379988431,0.122271304914598,0,TRUE,FALSE,NA,NA,5,FALSE,1e-08,3.12385514786197,FALSE,0,1,NA,0.0631859492280755,1.6295878202759,25.7903511806675,1970,1920,0.768,643,0.524897959183673,0.0073859691619873,36,0.0181623730234537,0.0375467581167345,1e-07,"case_norm_mode"
2,37.6601828500848,-0.120946820475694,0.0031187028718121,NA,NA,7.4383600333968,0.118506439170913,0,TRUE,FALSE,NA,NA,5,FALSE,1e-08,3.14143407557369,FALSE,0,1,NA,0.062979366143837,1.66882181255299,26.4979137570487,2001,1951,0.7804,655,0.53469387755102,0.0126478672027588,36,0.0181623730234537,0.0375467581167345,1e-07,"case_norm_mode"
0,36.8437028982397,NA,NA,NA,NA,NA,NA,NA,NA,NA,NA,NA,0,NA,NA,NA,NA,NA,NA,NA,0.062979366143837,1.66882181255299,26.4979137570487,2001,1951,0.7804,655,0.53469387755102,0,37,0.0155373153684439,0.0321200220460756,1e-07,"case_norm_mode"
1,36.6445075401949,-0.199195358044747,0.00526363285803126,NA,NA,7.4441136819677,0.118425691275982,0,TRUE,FALSE,NA,NA,5,FALSE,1e-08,3.19514901443335,FALSE,0,1,NA,0.0624718428367231,1.70927865650103,27.3607849374383,2048,1998,0.7992,691,0.564081632653061,0.00522184371948242,37,0.0155373153684439,0.0321200220460756,1e-07,"case_norm_mode"
2,36.5303708222358,-0.114136717959113,0.00303196204219814,NA,NA,7.69313327380523,0.115033322106457,0,TRUE,FALSE,NA,NA,5,FALSE,1e-08,3.20860907311845,FALSE,0,1,NA,0.0622535775640656,1.7485673845421,28.0878216636246,2074,2024,0.8096,702,0.573061224489796,0.0123758316040039,37,0.0155373153684439,0.0321200220460756,1e-07,"case_norm_mode"
0,35.7930456254762,NA,NA,NA,NA,NA,NA,NA,NA,NA,NA,NA,0,NA,NA,NA,NA,NA,NA,NA,0.0622535775640656,1.7485673845421,28.0878216636246,2074,2024,0.8096,702,0.573061224489796,0,38,0.0132916645058849,0.0274776270439327,1e-07,"case_norm_mode"
1,35.6049972316433,-0.188048393832879,0.00511097656190416,NA,NA,7.67719162849092,0.115244660117517,0,TRUE,FALSE,NA,NA,5,FALSE,1e-08,3.24763630238236,FALSE,0,1,NA,0.0617819780950172,1.78908977182756,28.9581173505977,2123,2073,0.8292,726,0.59265306122449,0.00538396835327148,38,0.0132916645058849,0.0274776270439327,1e-07,"case_norm_mode"
2,35.498519809472,-0.106477422171288,0.00290882202496776,NA,NA,7.89976423109631,0.112362527144926,0,TRUE,FALSE,NA,NA,5,FALSE,1e-08,3.25566145275658,FALSE,0,1,NA,0.0615244399735668,1.82833810982592,29.717265376352,2153,2103,0.8412,742,0.605714285714286,0.0106239318847656,38,0.0132916645058849,0.0274776270439327,1e-07,"case_norm_mode"
0,34.8342918354085,NA,NA,NA,NA,NA,NA,NA,NA,NA,NA,NA,0,NA,NA,NA,NA,NA,NA,NA,0.0615244399735668,1.82833810982592,29.717265376352,2153,2103,0.8412,742,0.605714285714286,0,39,0.0113705837300447,0.0235062101415248,1e-07,"case_norm_mode"
1,34.6577552594589,-0.17653657594952,0.00492647034188299,NA,NA,7.90081946466376,0.112349206044455,0,TRUE,FALSE,NA,NA,5,FALSE,1e-08,3.28078643088228,FALSE,0,1,NA,0.0611045723210858,1.86864374979555,30.5810789408098,2201,2151,0.8604,763,0.622857142857143,0.00789785385131836,39,0.0113705837300447,0.0235062101415248,1e-07,"case_norm_mode"
2,34.559660240331,-0.0980950191279533,0.00275101498717959,NA,NA,8.07995293309633,0.110132729472089,0,TRUE,FALSE,NA,NA,5,FALSE,1e-08,3.28261776295833,FALSE,0,1,NA,0.0608613427682965,1.90782009142369,31.3469930935783,2222,2172,0.8688,787,0.642448979591837,0.0131268501281738,39,0.0113705837300447,0.0235062101415248,1e-07,"case_norm_mode"
0,33.9627124269221,NA,NA,NA,NA,NA,NA,NA,NA,NA,NA,NA,0,NA,NA,NA,NA,NA,NA,NA,0.0608613427682965,1.90782009142369,31.3469930935783,2222,2172,0.8688,787,0.642448979591837,0,40,0.00972716203487634,0.0201087930312938,1e-07,"case_norm_mode"
1,33.7980637034232,-0.164648723498836,0.00470926630315022,NA,NA,8.10261557114886,0.109858533756994,0,TRUE,FALSE,NA,NA,5,FALSE,1e-08,3.29477745704019,FALSE,0,1,NA,0.0604401440752734,1.94771771387239,32.225563715511,2264,2214,0.8856,811,0.66204081632653,0.00538015365600586,40,0.00972716203487634,0.0201087930312938,1e-07,"case_norm_mode"
2,33.707386001506,-0.0906777019172864,0.00260582607958057,NA,NA,8.23392666155559,0.108296290045641,0,TRUE,FALSE,NA,NA,5,FALSE,1e-08,3.2930129357374,FALSE,0,1,NA,0.0602909972066435,1.98663093564777,32.9507062030957,2295,2245,0.898,825,0.673469387755102,0.0119869709014893,40,0.00972716203487634,0.0201087930312938,1e-07,"case_norm_mode"
0,33.172112298899,NA,NA,NA,NA,NA,NA,NA,NA,NA,NA,NA,0,NA,NA,NA,NA,NA,NA,NA,0.0602909972066435,1.98663093564777,32.9507062030957,2295,2245,0.898,825,0.673469387755102,0,41,0.00832126859087539,0.0172024139468184,1e-07,"case_norm_mode"
1,33.0193512233462,-0.152761075552789,0.00447034336703004,NA,NA,8.23846565852421,0.108243082451393,0,TRUE,FALSE,NA,NA,5,FALSE,1e-08,3.29176935674417,FALSE,0,1,NA,0.0598865703645467,2.02619777218063,33.8339257006468,2331,2281,0.9124,854,0.697142857142857,0.00524806976318359,41,0.00832126859087539,0.0172024139468184,1e-07,"case_norm_mode"
2,32.9352731171897,-0.0840781061565252,0.0024714788240531,NA,NA,8.35414108999303,0.106904523930026,0,TRUE,FALSE,NA,NA,5,FALSE,1e-08,3.28693289743352,FALSE,0,1,NA,0.0598280884360212,2.06472582723954,34.5109777232396,2352,2302,0.9208,880,0.718367346938775,0.0106000900268555,41,0.00832126859087539,0.0172024139468184,1e-07,"case_norm_mode"
0,32.4562023544527,NA,NA,NA,NA,NA,NA,NA,NA,NA,NA,NA,0,NA,NA,NA,NA,NA,NA,NA,0.0598280884360212,2.06472582723954,34.5109777232396,2352,2302,0.9208,880,0.718367346938775,0,42,0.0071185727875427,0.0147161018136279,1e-07,"case_norm_mode"
1,32.3156270112082,-0.140575343244464,0.00420177226796797,NA,NA,8.34775293945512,0.106977581294344,0,TRUE,FALSE,NA,NA,5,FALSE,1e-08,3.273978661689,FALSE,0,1,NA,0.0594464300486362,2.1038654184254,35.3909463815424,2385,2335,0.934,899,0.733877551020408,0.00675392150878906,42,0.0071185727875427,0.0147161018136279,1e-07,"case_norm_mode"
2,32.2376090000278,-0.0780180111804398,0.00234178426701057,NA,NA,8.45303307856277,0.105786152623094,0,TRUE,FALSE,NA,NA,5,FALSE,1e-08,3.26597572892094,FALSE,0,1,NA,0.0593951685139799,2.14195125803108,36.0627187635123,2412,2362,0.9448,929,0.758367346938775,0.0120439529418945,42,0.0071185727875427,0.0147161018136279,1e-07,"case_norm_mode"
0,31.8095068215892,NA,NA,NA,NA,NA,NA,NA,NA,NA,NA,NA,0,NA,NA,NA,NA,NA,NA,NA,0.0593951685139799,2.14195125803108,36.0627187635123,2412,2362,0.9448,929,0.758367346938775,0,43,0.00608970591180167,0.0125891432015631,1e-07,"case_norm_mode"
1,31.6805511158833,-0.128955705705909,0.0039304371872196,NA,NA,8.44467278257569,0.105879793087685,0,TRUE,FALSE,NA,NA,5,FALSE,1e-08,3.24478402347603,FALSE,0,1,NA,0.0591075670333151,2.18048105893459,36.8900492504723,2430,2380,0.952,957,0.781224489795918,0.00661206245422363,43,0.00608970591180167,0.0125891432015631,1e-07,"case_norm_mode"
2,31.6090761195814,-0.0714749963018662,0.002187080506948,NA,NA,8.54539842459643,0.104762520695125,0,TRUE,FALSE,NA,NA,5,FALSE,1e-08,3.23174291965204,FALSE,0,1,NA,0.0590809598296224,2.21790318166359,37.5400668516485,2438,2388,0.9552,986,0.804897959183673,0.0120959281921387,43,0.00608970591180167,0.0125891432015631,1e-07,"case_norm_mode"
0,31.2270526075393,NA,NA,NA,NA,NA,NA,NA,NA,NA,NA,NA,0,NA,NA,NA,NA,NA,NA,NA,0.0590809598296224,2.21790318166359,37.5400668516485,2438,2388,0.9552,986,0.804897959183673,0,44,0.00520954399133618,0.0107695997592715,1e-07,"case_norm_mode"
1,31.1091128773166,-0.117939730222709,0.00365964991148826,NA,NA,8.528186209884,0.104951769200591,0,TRUE,FALSE,NA,NA,5,FALSE,1e-08,3.20690862869723,FALSE,0,1,NA,0.0588043477476306,2.25565162506643,38.3585859118269,2449,2399,0.9596,1010,0.824489795918367,0.00513911247253418,44,0.00520954399133618,0.0107695997592715,1e-07,"case_norm_mode"
2,31.0441282988954,-0.0649845784212708,0.00202386713920019,NA,NA,8.63071063677002,0.103834497548084,0,TRUE,FALSE,NA,NA,5,FALSE,1e-08,3.19009813060138,FALSE,0,1,NA,0.0587549040825718,2.29215331066687,39.0121190130031,2462,2412,0.9648,1030,0.840816326530612,0.0125901699066162,44,0.00520954399133618,0.0107695997592715,1e-07,"case_norm_mode"
0,30.7036326868485,NA,NA,NA,NA,NA,NA,NA,NA,NA,NA,NA,0,NA,NA,NA,NA,NA,NA,NA,0.0587549040825718,2.29215331066687,39.0121190130031,2462,2412,0.9648,1030,0.840816326530612,0,45,0.00445659429055048,0.00921303992796748,1e-07,"case_norm_mode"
1,30.5958637191813,-0.10776896766717,0.00339926243568533,NA,NA,8.61765677217202,0.103975430158147,0,TRUE,FALSE,NA,NA,5,FALSE,1e-08,3.16296216728645,FALSE,0,1,NA,0.0585043293789852,2.32881811296791,39.8059107366578,2477,2427,0.9708,1046,0.853877551020408,0.0052790641784668,45,0.00445659429055048,0.00921303992796748,1e-07,"case_norm_mode"
2,30.5370015720204,-0.0588621471609869,0.00186297002937295,NA,NA,8.69700244071148,0.103124651779156,0,TRUE,FALSE,NA,NA,5,FALSE,1e-08,3.14235907585302,FALSE,0,1,NA,0.0584681640686783,2.36434461002551,40.4381537831133,2490,2440,0.976,1060,0.86530612244898,0.0102279186248779,45,0.00445659429055048,0.00921303992796748,1e-07,"case_norm_mode"
0,30.2338176951749,NA,NA,NA,NA,NA,NA,NA,NA,NA,NA,NA,0,NA,NA,NA,NA,NA,NA,NA,0.0584681640686783,2.36434461002551,40.4381537831133,2490,2440,0.976,1060,0.86530612244898,0,46,0.0038124704779531,0.00788145396408534,1e-07,"case_norm_mode"
1,30.1355826673284,-0.0982350278465312,0.00314514955569158,NA,NA,8.6974625797388,0.103119758573684,0,TRUE,FALSE,NA,NA,5,FALSE,1e-08,3.11348544836153,FALSE,0,1,NA,0.0582330060833917,2.3998115059173,41.2105035841818,2496,2446,0.9784,1085,0.885714285714286,0.00537586212158203,46,0.0038124704779531,0.00788145396408534,1e-07,"case_norm_mode"
2,30.0823831331565,-0.0531995341718421,0.00170864103428731,NA,NA,8.77969979655093,0.102252627463337,0,TRUE,FALSE,NA,NA,5,FALSE,1e-08,3.09175654913801,FALSE,0,1,NA,0.0582213999992093,2.43413584076904,41.8082670770902,2503,2453,0.9812,1103,0.900408163265306,0.0125439167022705,46,0.0038124704779531,0.00788145396408534,1e-07,"case_norm_mode"
0,29.8126756592551,NA,NA,NA,NA,NA,NA,NA,NA,NA,NA,NA,0,NA,NA,NA,NA,NA,NA,NA,0.0582213999992093,2.43413584076904,41.8082670770902,2503,2453,0.9812,1103,0.900408163265306,0,47,0.00326144364904004,0.00674232577668861,1e-07,"case_norm_mode"
1,29.7229281968558,-0.0897474623993162,0.00291267994353353,NA,NA,8.77063711586926,0.102347471115862,0,TRUE,FALSE,NA,NA,5,FALSE,1e-08,3.06120580001981,FALSE,0,1,NA,0.0580398738349165,2.46841559407304,42.5296512720545,2510,2460,0.984,1118,0.91265306122449,0.00532102584838867,47,0.00326144364904004,0.00674232577668861,1e-07,"case_norm_mode"
2,29.6749780440051,-0.0479501528506958,0.00156072860449555,NA,NA,8.84121664887161,0.101613452449973,0,TRUE,FALSE,NA,NA,5,FALSE,1e-08,3.03788720693701,FALSE,0,1,NA,0.0580265630000864,2.50168896271649,43.1128233928445,2513,2463,0.9852,1128,0.920816326530612,0.0103840827941895,47,0.00326144364904004,0.00674232577668861,1e-07,"case_norm_mode"
0,29.4352857168082,NA,NA,NA,NA,NA,NA,NA,NA,NA,NA,NA,0,NA,NA,NA,NA,NA,NA,NA,0.0580265630000864,2.50168896271649,43.1128233928445,2513,2463,0.9852,1128,0.920816326530612,0,48,0.00279005824107379,0.00576783891476746,1e-07,"case_norm_mode"
1,29.353217835161,-0.0820678816472089,0.00269647153671655,NA,NA,8.84002117003861,0.101625797619709,0,TRUE,FALSE,NA,NA,5,FALSE,1e-08,3.0070551267115,FALSE,0,1,NA,0.0578927268598411,2.53479059538566,43.784266744291,2522,2472,0.9888,1138,0.928979591836735,0.00514888763427734,48,0.00279005824107379,0.00576783891476746,1e-07,"case_norm_mode"
2,29.3100877618253,-0.043130073335611,0.00142093907703089,NA,NA,8.89202700557654,0.101091515362449,0,TRUE,FALSE,NA,NA,5,FALSE,1e-08,2.98077608164699,FALSE,0,1,NA,0.0578987013074331,2.56710204529356,44.3378173832026,2531,2481,0.9924,1142,0.932244897959184,0.0118539333343506,48,0.00279005824107379,0.00576783891476746,1e-07,"case_norm_mode"
0,29.0972678522013,NA,NA,NA,NA,NA,NA,NA,NA,NA,NA,NA,0,NA,NA,NA,NA,NA,NA,NA,0.0578987013074331,2.56710204529356,44.3378173832026,2531,2481,0.9924,1142,0.932244897959184,0,49,0.00238680346075426,0.00493419731537282,1e-07,"case_norm_mode"
1,29.0224247727881,-0.0748430794131991,0.00248670675958799,NA,NA,8.90366433332297,0.10097272750201,0,TRUE,FALSE,NA,NA,5,FALSE,1e-08,2.94986773217758,FALSE,0,1,NA,0.0577658068432462,2.59910807524723,44.9938850901917,2536,2486,0.9944,1156,0.943673469387755,0.00540709495544434,49,0.00238680346075426,0.00493419731537282,1e-07,"case_norm_mode"
2,28.9836629137912,-0.0387618589968852,0.0012910968814224,NA,NA,8.95338666417274,0.100468316336941,0,TRUE,FALSE,NA,NA,5,FALSE,1e-08,2.92307879037947,FALSE,0,1,NA,0.0577692433568856,2.63041187895341,45.5330851869274,2537,2487,0.9948,1163,0.949387755102041,0.0105199813842773,49,0.00238680346075426,0.00493419731537282,1e-07,"case_norm_mode"
0,28.7948939288738,NA,NA,NA,NA,NA,NA,NA,NA,NA,NA,NA,0,NA,NA,NA,NA,NA,NA,NA,0.0577692433568856,2.63041187895341,45.5330851869274,2537,2487,0.9948,1163,0.949387755102041,0,50,0.00204183220135076,0.00422104422588818,1e-07,"case_norm_mode"
1,28.7264485689249,-0.0684453599489601,0.00229721777537965,NA,NA,8.95948861453951,0.100406761702617,0,TRUE,FALSE,NA,NA,5,FALSE,1e-08,2.89123761248933,FALSE,0,1,NA,0.0576642983516161,2.66139801000352,46.1533060503967,2539,2489,0.9956,1170,0.955102040816327,0.0072929859161377,50,0.00204183220135076,0.00422104422588818,1e-07,"case_norm_mode"
2,28.6918728319614,-0.0345757369635109,0.00116313043192302,NA,NA,9.00187148599302,0.0999812886418742,0,TRUE,FALSE,NA,NA,5,FALSE,1e-08,2.8632269485077,FALSE,0,1,NA,0.0576501759187184,2.691719163221,46.6905628703733,2540,2490,0.996,1179,0.962448979591837,0.0124039649963379,50,0.00204183220135076,0.00422104422588818,1e-07,"case_norm_mode"
0,28.524625669896,NA,NA,NA,NA,NA,NA,NA,NA,NA,NA,NA,0,NA,NA,NA,NA,NA,NA,NA,0.0576501759187184,2.691719163221,46.6905628703733,2540,2490,0.996,1179,0.962448979591837,0,51,0.0017467205855129,0.00361096511106137,1e-07,"case_norm_mode"
1,28.4619862222322,-0.0626394476637842,0.00212160006240664,NA,NA,9.01399663201389,0.09986022931175,0,TRUE,FALSE,NA,NA,5,FALSE,1e-08,2.8321546465947,FALSE,0,1,NA,0.0575527106381299,2.72168747115462,47.2903437731644,2544,2494,0.9976,1184,0.966530612244898,0.00503706932067871,51,0.0017467205855129,0.00361096511106137,1e-07,"case_norm_mode"
2,28.4313390680976,-0.0306471541346447,0.00104022702011578,NA,NA,9.06058093617045,0.0993978385884989,0,TRUE,FALSE,NA,NA,5,FALSE,1e-08,2.80304515089369,FALSE,0,1,NA,0.0575632672327346,2.75101286953223,47.7911175265571,2545,2495,0.998,1186,0.968163265306122,0.0103569030761719,51,0.0017467205855129,0.00361096511106137,1e-07,"case_norm_mode"
0,28.2833387908425,NA,NA,NA,NA,NA,NA,NA,NA,NA,NA,NA,0,NA,NA,NA,NA,NA,NA,NA,0.0575632672327346,2.75101286953223,47.7911175265571,2545,2495,0.998,1186,0.968163265306122,0,52,0.00149426226201944,0.00308906240624825,1e-07,"case_norm_mode"
1,28.2262965130563,-0.0570422777861772,0.00194794310148867,NA,NA,9.05744620632144,0.0994288191540579,0,TRUE,FALSE,NA,NA,5,FALSE,1e-08,2.77189995633668,FALSE,0,1,NA,0.0574404106080638,2.78002807313542,48.3984714542612,2547,2497,0.9988,1193,0.973877551020408,0.00710415840148926,52,0.00149426226201944,0.00308906240624825,1e-07,"case_norm_mode"
2,28.1990035134564,-0.027292999599883,0.000933850773316089,NA,NA,9.13200696954505,0.0986971291083609,0,TRUE,FALSE,NA,NA,5,FALSE,1e-08,2.74377659211436,FALSE,0,1,NA,0.0574893660942096,2.80832272800995,48.8494293606902,2547,2497,0.9988,1198,0.977959183673469,0.0122880935668945,52,0.00149426226201944,0.00308906240624825,1e-07,"case_norm_mode"
0,28.0681927446238,NA,NA,NA,NA,NA,NA,NA,NA,NA,NA,NA,0,NA,NA,NA,NA,NA,NA,NA,0.0574893660942096,2.80832272800995,48.8494293606902,2547,2497,0.9988,1198,0.977959183673469,0,53,0.00127829243338299,0.00264259173273804,1e-07,"case_norm_mode"
1,28.0164298979484,-0.0517628466754516,0.00178073838749487,NA,NA,9.09158465493309,0.0990924650779368,0,TRUE,FALSE,NA,NA,5,FALSE,1e-08,2.71081115406974,FALSE,0,1,NA,0.0573798033515917,2.83640889935705,49.4321822955214,2548,2498,0.9992,1203,0.982040816326531,0.00551891326904297,53,0.00127829243338299,0.00264259173273804,1e-07,"case_norm_mode"
2,27.9921122105949,-0.0243176873534736,0.000838066138356774,NA,NA,9.18563835817908,0.0981774499383241,0,TRUE,FALSE,NA,NA,5,FALSE,1e-08,2.68382529586994,FALSE,0,1,NA,0.0574534967416638,2.86375667917909,49.8447760639496,2549,2499,0.9996,1210,0.987755102040816,0.0123209953308105,53,0.00127829243338299,0.00264259173273804,1e-07,"case_norm_mode"
0,27.876642571371,NA,NA,NA,NA,NA,NA,NA,NA,NA,NA,NA,0,NA,NA,NA,NA,NA,NA,NA,0.0574534967416638,2.86375667917909,49.8447760639496,2549,2499,0.9996,1210,0.987755102040816,0,54,0.00109353731722829,0.0022606506918767,1e-07,"case_norm_mode"
1,27.8298971305806,-0.0467454407903638,0.00161879763808513,NA,NA,9.13036987960848,0.0987130787803622,0,TRUE,FALSE,NA,NA,5,FALSE,1e-08,2.65004833423957,FALSE,0,1,NA,0.057344112821674,2.89085397586516,50.4123934196175,2549,2499,0.9996,1212,0.989387755102041,0.0052030086517334,54,0.00109353731722829,0.0022606506918767,1e-07,"case_norm_mode"
2,27.808079824227,-0.0218173063536256,0.0007567597711087,NA,NA,9.22102659560182,0.0978375303739359,0,TRUE,FALSE,NA,NA,5,FALSE,1e-08,2.62388305769534,FALSE,0,1,NA,0.0574124609390076,2.91732182055234,50.8133909057055,2549,2499,0.9996,1214,0.991020408163265,0.0103659629821777,54,0.00109353731722829,0.0022606506918767,1e-07,"case_norm_mode"
0,27.7062939869005,NA,NA,NA,NA,NA,NA,NA,NA,NA,NA,NA,0,NA,NA,NA,NA,NA,NA,NA,0.0574124609390076,2.91732182055234,50.8133909057055,2549,2499,0.9996,1214,0.991020408163265,0,55,0.000935485365430906,0.00193391263863052,1e-07,"case_norm_mode"
1,27.6640646848206,-0.0422293020798783,0.00147108164150861,NA,NA,9.17244835334852,0.0983047507605015,0,TRUE,FALSE,NA,NA,5,FALSE,1e-08,2.58934977783331,FALSE,0,1,NA,0.0573331706081475,2.94345948482649,51.339555332532,2550,2500,1,1214,0.991020408163265,0.0070798397064209,55,0.000935485365430906,0.00193391263863052,1e-07,"case_norm_mode"
2,27.6447520234602,-0.0193126613604591,0.000673758644240232,NA,NA,9.24634752766998,0.0975957527596567,0,TRUE,FALSE,NA,NA,5,FALSE,1e-08,2.56303658654903,FALSE,0,1,NA,0.057383798897205,2.96906281125437,51.7404366443746,2550,2500,1,1218,0.994285714285714,0.0122778415679932,55,0.000935485365430906,0.00193391263863052,1e-07,"case_norm_mode"
0,27.5551495807113,NA,NA,NA,NA,NA,NA,NA,NA,NA,NA,NA,0,NA,NA,NA,NA,NA,NA,NA,0.057383798897205,2.96906281125437,51.7404366443746,2550,2500,1,1218,0.994285714285714,0,56,0.000800277096307539,0.00165439893358759,1e-07,"case_norm_mode"
1,27.5169678232926,-0.0381817574187409,0.00133712335531004,NA,NA,9.21974672753435,0.0978497830387293,0,TRUE,FALSE,NA,NA,5,FALSE,1e-08,2.52918299624706,FALSE,0,1,NA,0.0573132110753448,2.99421579831843,52.243029872854,2550,2500,1,1220,0.995918367346939,0.00536680221557617,56,0.000800277096307539,0.00165439893358759,1e-07,"case_norm_mode"
2,27.5000326024783,-0.0169352208143181,0.000593864709574257,NA,NA,9.27708471286795,0.0973038588217434,0,TRUE,FALSE,NA,NA,5,FALSE,1e-08,2.50219912419074,FALSE,0,1,NA,0.0573481116804774,3.01891939685676,52.6420017746542,2550,2500,1,1221,0.996734693877551,0.0546510219573975,56,0.000800277096307539,0.00165439893358759,1e-07,"case_norm_mode"
0,27.4212670438918,NA,NA,NA,NA,NA,NA,NA,NA,NA,NA,NA,0,NA,NA,NA,NA,NA,NA,NA,0.0573481116804774,3.01891939685676,52.6420017746542,2550,2500,1,1221,0.996734693877551,0,57,0.000684610849662435,0.00141528411200309,1e-07,"case_norm_mode"
1,27.3867534700701,-0.0345135738217088,0.00121435732504144,NA,NA,9.26217149763423,0.0974452629475674,0,TRUE,FALSE,NA,NA,5,FALSE,1e-08,2.46898842314634,FALSE,0,1,NA,0.0572804547160562,3.04311040105108,53.1265056490216,2550,2500,1,1224,0.999183673469388,0.00529813766479492,57,0.000684610849662435,0.00141528411200309,1e-07,"case_norm_mode"
2,27.3719283922464,-0.0148250778236729,0.000522253375656499,NA,NA,9.31702419949919,0.0969271740245159,0,TRUE,FALSE,NA,NA,5,FALSE,1e-08,2.44185192968119,FALSE,0,1,NA,0.0573286499175877,3.06689998493337,53.4968116176146,2550,2500,1,1224,0.999183673469388,0.0108051300048828,57,0.000684610849662435,0.00141528411200309,1e-07,"case_norm_mode"
0,27.3027870891487,NA,NA,NA,NA,NA,NA,NA,NA,NA,NA,NA,0,NA,NA,NA,NA,NA,NA,NA,0.0573286499175877,3.06689998493337,53.4968116176146,2550,2500,1,1224,0.999183673469388,0,58,0.000585662163315752,0.00121072921229753,1e-07,"case_norm_mode"
1,27.2717536669992,-0.0310334221494806,0.00109647936974302,NA,NA,9.29500964915603,0.0971344402850539,0,TRUE,FALSE,NA,NA,5,FALSE,1e-08,2.4087564660808,FALSE,0,1,NA,0.0572535027724943,3.09019151776731,53.9738420904423,2550,2500,1,1224,0.999183673469388,0.00538396835327148,58,0.000585662163315752,0.00121072921229753,1e-07,"case_norm_mode"
2,27.2586707911215,-0.0130828758777106,0.00046275431060302,NA,NA,9.35015053975184,0.0966169522036707,0,TRUE,FALSE,NA,NA,5,FALSE,1e-08,2.38269100141044,FALSE,0,1,NA,0.0573049697010662,3.11312381112675,54.3255467608916,2550,2500,1,1225,1,0.0107238292694092,58,0.000585662163315752,0.00121072921229753,1e-07,"case_norm_mode"
0,27.1980649885912,NA,NA,NA,NA,NA,NA,NA,NA,NA,NA,NA,0,NA,NA,NA,NA,NA,NA,NA,0.0573049697010662,3.11312381112675,54.3255467608916,2550,2500,1,1225,1,0,59,0.000501014802363725,0.00103573919404487,1e-07,"case_norm_mode"
1,27.1702820100969,-0.027782978494276,0.000985279610693745,NA,NA,9.32552199948992,0.0968474039423286,0,TRUE,FALSE,NA,NA,5,FALSE,1e-08,2.3492778924663,FALSE,0,1,NA,0.0572368931859354,3.13554620313715,54.78190776273,2550,2500,1,1225,1,0.00604104995727539,59,0.000501014802363725,0.00103573919404487,1e-07,"case_norm_mode"
2,27.1587512807312,-0.0115307293657452,0.000409322468323614,NA,NA,9.3791322118911,0.0963471684900908,0,TRUE,FALSE,NA,NA,5,FALSE,1e-08,2.32408499154418,FALSE,0,1,NA,0.0572891821722852,3.15765346068164,55.1177960820886,2550,2500,1,1225,1,0.0133490562438965,59,0.000501014802363725,0.00103573919404487,1e-07,"case_norm_mode"
0,27.1056993204529,NA,NA,NA,NA,NA,NA,NA,NA,NA,NA,NA,0,NA,NA,NA,NA,NA,NA,NA,0.0572891821722852,3.15765346068164,55.1177960820886,2550,2500,1,1225,1,0,60,0.000428601756969282,0.00088604096373046,1e-07,"case_norm_mode"
1,27.0809160524153,-0.0247832680375595,0.000881787987375372,NA,NA,9.35576714834705,0.0965645505229051,0,TRUE,FALSE,NA,NA,5,FALSE,1e-08,2.29127024309757,FALSE,0,1,NA,0.0572262183699417,3.17921765555438,55.5552637604354,2550,2500,1,1225,1,0.00514507293701172,60,0.000428601756969282,0.00088604096373046,1e-07,"case_norm_mode"
2,27.0708176985292,-0.0100983538861072,0.000359616255654119,NA,NA,9.4060848178263,0.0960976214884329,0,TRUE,FALSE,NA,NA,5,FALSE,1e-08,2.26664667549239,FALSE,0,1,NA,0.0572634058958578,3.20050884233932,55.8909969162493,2550,2500,1,1225,1,0.0103480815887451,60,0.000428601756969282,0.00088604096373046,1e-07,"case_norm_mode"
