"outer_iter","inner_iters","inner_converged","path_index","lambda_gamma","lambda_Omega","solver_tol","case"
1,111,TRUE,1,4.28601756969282,8.86040963730461,1e-04,"case_norm_mode"
1,4000,FALSE,2,3.66654767904032,7.57979029781112,1e-04,"case_norm_mode"
1,41,TRUE,3,3.13661147302283,6.4842623886032,1e-04,"case_norm_mode"
2,1000,FALSE,3,3.13661147302283,6.4842623886032,1e-04,"case_norm_mode"
3,4000,FALSE,3,3.13661147302283,6.4842623886032,1e-04,"case_norm_mode"
1,45,TRUE,4,2.68326840230086,5.54707413691853,1e-04,"case_norm_mode"
2,135,TRUE,4,2.68326840230086,5.54707413691853,1e-04,"case_norm_mode"
3,14,TRUE,4,2.68326840230086,5.54707413691853,1e-04,"case_norm_mode"
4,7,TRUE,4,2.68326840230086,5.54707413691853,1e-04,"case_norm_mode"
5,1,TRUE,4,2.68326840230086,5.54707413691853,1e-04,"case_norm_mode"
6,1,TRUE,4,2.68326840230086,5.54707413691853,1e-04,"case_norm_mode"
7,1,TRUE,4,2.68326840230086,5.54707413691853,1e-04,"case_norm_mode"
8,1,TRUE,4,2.68326840230086,5.54707413691853,1e-04,"case_norm_mode"
9,1,TRUE,4,2.68326840230086,5.54707413691853,1e-04,"case_norm_mode"
10,1,TRUE,4,2.68326840230086,5.54707413691853,1e-04,"case_norm_mode"
1,1000,FALSE,5,2.29544825067144,4.74534027718437,1e-04,"case_norm_mode"
2,1000,FALSE,5,2.29544825067144,4.74534027718437,1e-04,"case_norm_mode"
3,174,TRUE,5,2.29544825067144,4.74534027718437,1e-04,"case_norm_mode"
4,12,TRUE,5,2.29544825067144,4.74534027718437,1e-04,"case_norm_mode"
5,6,TRUE,5,2.29544825067144,4.74534027718437,1e-04,"case_norm_mode"
6,1,TRUE,5,2.29544825067144,4.74534027718437,1e-04,"case_norm_mode"
7,1,TRUE,5,2.29544825067144,4.74534027718437,1e-04,"case_norm_mode"
8,1,TRUE,5,2.29544825067144,4.74534027718437,1e-04,"case_norm_mode"
9,1,TRUE,5,2.29544825067144,4.74534027718437,1e-04,"case_norm_mode"
1,28,TRUE,6,1.96368081068312,4.05948321411427,1e-04,"case_norm_mode"
2,17,TRUE,6,1.96368081068312,4.05948321411427,1e-04,"case_norm_mode"
3,14,TRUE,6,1.96368081068312,4.05948321411427,1e-04,"case_norm_mode"
4,12,TRUE,6,1.96368081068312,4.05948321411427,1e-04,"case_norm_mode"
5,2,TRUE,6,1.96368081068312,4.05948321411427,1e-04,"case_norm_mode"
6,1,TRUE,6,1.96368081068312,4.05948321411427,1e-04,"case_norm_mode"
7,1,TRUE,6,1.96368081068312,4.05948321411427,1e-04,"case_norm_mode"
8,1,TRUE,6,1.96368081068312,4.05948321411427,1e-04,"case_norm_mode"
9,1,TRUE,6,1.96368081068312,4.05948321411427,1e-04,"case_norm_mode"
10,1,TRUE,6,1.96368081068312,4.05948321411427,1e-04,"case_norm_mode"
11,1,TRUE,6,1.96368081068312,4.05948321411427,1e-04,"case_norm_mode"
12,1,TRUE,6,1.96368081068312,4.05948321411427,1e-04,"case_norm_mode"
13,1,TRUE,6,1.96368081068312,4.05948321411427,1e-04,"case_norm_mode"
1,28,TRUE,7,1.67986462997683,3.47275495603733,1e-04,"case_norm_mode"
2,18,TRUE,7,1.67986462997683,3.47275495603733,1e-04,"case_norm_mode"
3,15,TRUE,7,1.67986462997683,3.47275495603733,1e-04,"case_norm_mode"
4,12,TRUE,7,1.67986462997683,3.47275495603733,1e-04,"case_norm_mode"
5,2,TRUE,7,1.67986462997683,3.47275495603733,1e-04,"case_norm_mode"
6,1,TRUE,7,1.67986462997683,3.47275495603733,1e-04,"case_norm_mode"
7,1,TRUE,7,1.67986462997683,3.47275495603733,1e-04,"case_norm_mode"
8,1,TRUE,7,1.67986462997683,3.47275495603733,1e-04,"case_norm_mode"
9,1,TRUE,7,1.67986462997683,3.47275495603733,1e-04,"case_norm_mode"
10,1,TRUE,7,1.67986462997683,3.47275495603733,1e-04,"case_norm_mode"
11,1,TRUE,7,1.67986462997683,3.47275495603733,1e-04,"case_norm_mode"
12,1,TRUE,7,1.67986462997683,3.47275495603733,1e-04,"case_norm_mode"
13,1,TRUE,7,1.67986462997683,3.47275495603733,1e-04,"case_norm_mode"
1,132,TRUE,8,1.4370691813531,2.97082814451621,1e-04,"case_norm_mode"
2,18,TRUE,8,1.4370691813531,2.97082814451621,1e-04,"case_norm_mode"
3,15,TRUE,8,1.4370691813531,2.97082814451621,1e-04,"case_norm_mode"
4,12,TRUE,8,1.4370691813531,2.97082814451621,1e-04,"case_norm_mode"
5,2,TRUE,8,1.4370691813531,2.97082814451621,1e-04,"case_norm_mode"
6,1,TRUE,8,1.4370691813531,2.97082814451621,1e-04,"case_norm_mode"
7,1,TRUE,8,1.4370691813531,2.97082814451621,1e-04,"case_norm_mode"
8,1,TRUE,8,1.4370691813531,2.97082814451621,1e-04,"case_norm_mode"
9,1,TRUE,8,1.4370691813531,2.97082814451621,1e-04,"case_norm_mode"
10,1,TRUE,8,1.4370691813531,2.97082814451621,1e-04,"case_norm_mode"
11,1,TRUE,8,1.4370691813531,2.97082814451621,1e-04,"case_norm_mode"
1,128,TRUE,9,1.22936562574292,2.54144619357784,1e-04,"case_norm_mode"
2,19,TRUE,9,1.22936562574292,2.54144619357784,1e-04,"case_norm_mode"
3,15,TRUE,9,1.22936562574292,2.54144619357784,1e-04,"case_norm_mode"
4,12,TRUE,9,1.22936562574292,2.54144619357784,1e-04,"case_norm_mode"
5,2,TRUE,9,1.22936562574292,2.54144619357784,1e-04,"case_norm_mode"
6,1,TRUE,9,1.22936562574292,2.54144619357784,1e-04,"case_norm_mode"
7,1,TRUE,9,1.22936562574292,2.54144619357784,1e-04,"case_norm_mode"
8,1,TRUE,9,1.22936562574292,2.54144619357784,1e-04,"case_norm_mode"
9,1,TRUE,9,1.22936562574292,2.54144619357784,1e-04,"case_norm_mode"
10,1,TRUE,9,1.22936562574292,2.54144619357784,1e-04,"case_norm_mode"
1,124,TRUE,10,1.05168203547115,2.17412399528183,1e-04,"case_norm_mode"
2,131,TRUE,10,1.05168203547115,2.17412399528183,1e-04,"case_norm_mode"
3,16,TRUE,10,1.05168203547115,2.17412399528183,1e-04,"case_norm_mode"
4,12,TRUE,10,1.05168203547115,2.17412399528183,1e-04,"case_norm_mode"
5,2,TRUE,10,1.05168203547115,2.17412399528183,1e-04,"case_norm_mode"
6,1,TRUE,10,1.05168203547115,2.17412399528183,1e-04,"case_norm_mode"
7,1,TRUE,10,1.05168203547115,2.17412399528183,1e-04,"case_norm_mode"
8,1,TRUE,10,1.05168203547115,2.17412399528183,1e-04,"case_norm_mode"
9,1,TRUE,10,1.05168203547115,2.17412399528183,1e-04,"case_norm_mode"
1,116,TRUE,11,0.899679542499283,1.85989188313518,1e-04,"case_norm_mode"
2,122,TRUE,11,0.899679542499283,1.85989188313518,1e-04,"case_norm_mode"
3,17,TRUE,11,0.899679542499283,1.85989188313518,1e-04,"case_norm_mode"
4,12,TRUE,11,0.899679542499283,1.85989188313518,1e-04,"case_norm_mode"
5,2,TRUE,11,0.899679542499283,1.85989188313518,1e-04,"case_norm_mode"
6,1,TRUE,11,0.899679542499283,1.85989188313518,1e-04,"case_norm_mode"
7,1,TRUE,11,0.899679542499283,1.85989188313518,1e-04,"case_norm_mode"
1,105,TRUE,12,0.769646387302891,1.5910766011778,1e-04,"case_norm_mode"
2,110,TRUE,12,0.769646387302891,1.5910766011778,1e-04,"case_norm_mode"
3,19,TRUE,12,0.769646387302891,1.5910766011778,1e-04,"case_norm_mode"
4,12,TRUE,12,0.769646387302891,1.5910766011778,1e-04,"case_norm_mode"
5,2,TRUE,12,0.769646387302891,1.5910766011778,1e-04,"case_norm_mode"
6,1,TRUE,12,0.769646387302891,1.5910766011778,1e-04,"case_norm_mode"
7,1,TRUE,12,0.769646387302891,1.5910766011778,1e-04,"case_norm_mode"
1,1000,FALSE,13,0.658407281155739,1.3611139302077,1e-04,"case_norm_mode"
2,67,TRUE,13,0.658407281155739,1.3611139302077,1e-04,"case_norm_mode"
3,22,TRUE,13,0.658407281155739,1.3611139302077,1e-04,"case_norm_mode"
4,18,TRUE,13,0.658407281155739,1.3611139302077,1e-04,"case_norm_mode"
5,10,TRUE,13,0.658407281155739,1.3611139302077,1e-04,"case_norm_mode"
6,2,TRUE,13,0.658407281155739,1.3611139302077,1e-04,"case_norm_mode"
7,1,TRUE,13,0.658407281155739,1.3611139302077,1e-04,"case_norm_mode"
8,1,TRUE,13,0.658407281155739,1.3611139302077,1e-04,"case_norm_mode"
9,1,TRUE,13,0.658407281155739,1.3611139302077,1e-04,"case_norm_mode"
10,1,TRUE,13,0.658407281155739,1.3611139302077,1e-04,"case_norm_mode"
11,1,TRUE,13,0.658407281155739,1.3611139302077,1e-04,"case_norm_mode"
12,1,TRUE,13,0.658407281155739,1.3611139302077,1e-04,"case_norm_mode"
13,1,TRUE,13,0.658407281155739,1.3611139302077,1e-04,"case_norm_mode"
1,50,TRUE,14,0.563245868531947,1.16438839565236,1e-04,"case_norm_mode"
2,22,TRUE,14,0.563245868531947,1.16438839565236,1e-04,"case_norm_mode"
3,18,TRUE,14,0.563245868531947,1.16438839565236,1e-04,"case_norm_mode"
4,10,TRUE,14,0.563245868531947,1.16438839565236,1e-04,"case_norm_mode"
5,2,TRUE,14,0.563245868531947,1.16438839565236,1e-04,"case_norm_mode"
6,1,TRUE,14,0.563245868531947,1.16438839565236,1e-04,"case_norm_mode"
7,1,TRUE,14,0.563245868531947,1.16438839565236,1e-04,"case_norm_mode"
8,1,TRUE,14,0.563245868531947,1.16438839565236,1e-04,"case_norm_mode"
9,1,TRUE,14,0.563245868531947,1.16438839565236,1e-04,"case_norm_mode"
10,1,TRUE,14,0.563245868531947,1.16438839565236,1e-04,"case_norm_mode"
11,1,TRUE,14,0.563245868531947,1.16438839565236,1e-04,"case_norm_mode"
12,1,TRUE,14,0.563245868531947,1.16438839565236,1e-04,"case_norm_mode"
13,1,TRUE,14,0.563245868531947,1.16438839565236,1e-04,"case_norm_mode"
14,1,TRUE,14,0.563245868531947,1.16438839565236,1e-04,"case_norm_mode"
15,1,TRUE,14,0.563245868531947,1.16438839565236,1e-04,"case_norm_mode"
16,1,TRUE,14,0.563245868531947,1.16438839565236,1e-04,"case_norm_mode"
17,1,TRUE,14,0.563245868531947,1.16438839565236,1e-04,"case_norm_mode"
18,1,TRUE,14,0.563245868531947,1.16438839565236,1e-04,"case_norm_mode"
19,1,TRUE,14,0.563245868531947,1.16438839565236,1e-04,"case_norm_mode"
20,1,TRUE,14,0.563245868531947,1.16438839565236,1e-04,"case_norm_mode"
21,1,TRUE,14,0.563245868531947,1.16438839565236,1e-04,"case_norm_mode"
1,51,TRUE,15,0.481838396230109,0.996096142901866,1e-04,"case_norm_mode"
2,23,TRUE,15,0.481838396230109,0.996096142901866,1e-04,"case_norm_mode"
3,19,TRUE,15,0.481838396230109,0.996096142901866,1e-04,"case_norm_mode"
4,10,TRUE,15,0.481838396230109,0.996096142901866,1e-04,"case_norm_mode"
5,2,TRUE,15,0.481838396230109,0.996096142901866,1e-04,"case_norm_mode"
6,1,TRUE,15,0.481838396230109,0.996096142901866,1e-04,"case_norm_mode"
7,1,TRUE,15,0.481838396230109,0.996096142901866,1e-04,"case_norm_mode"
8,1,TRUE,15,0.481838396230109,0.996096142901866,1e-04,"case_norm_mode"
9,42,TRUE,15,0.481838396230109,0.996096142901866,1e-04,"case_norm_mode"
10,81,TRUE,15,0.481838396230109,0.996096142901866,1e-04,"case_norm_mode"
11,97,TRUE,15,0.481838396230109,0.996096142901866,1e-04,"case_norm_mode"
1,52,TRUE,16,0.412196969481073,0.85212763164655,1e-04,"case_norm_mode"
2,25,TRUE,16,0.412196969481073,0.85212763164655,1e-04,"case_norm_mode"
3,20,TRUE,16,0.412196969481073,0.85212763164655,1e-04,"case_norm_mode"
4,12,TRUE,16,0.412196969481073,0.85212763164655,1e-04,"case_norm_mode"
5,3,TRUE,16,0.412196969481073,0.85212763164655,1e-04,"case_norm_mode"
6,2,TRUE,16,0.412196969481073,0.85212763164655,1e-04,"case_norm_mode"
7,41,TRUE,16,0.412196969481073,0.85212763164655,1e-04,"case_norm_mode"
8,86,TRUE,16,0.412196969481073,0.85212763164655,1e-04,"case_norm_mode"
9,106,TRUE,16,0.412196969481073,0.85212763164655,1e-04,"case_norm_mode"
1,50,TRUE,17,0.352621009406314,0.728967284724337,1e-04,"case_norm_mode"
2,30,TRUE,17,0.352621009406314,0.728967284724337,1e-04,"case_norm_mode"
3,21,TRUE,17,0.352621009406314,0.728967284724337,1e-04,"case_norm_mode"
4,13,TRUE,17,0.352621009406314,0.728967284724337,1e-04,"case_norm_mode"
5,3,TRUE,17,0.352621009406314,0.728967284724337,1e-04,"case_norm_mode"
6,2,TRUE,17,0.352621009406314,0.728967284724337,1e-04,"case_norm_mode"
7,34,TRUE,17,0.352621009406314,0.728967284724337,1e-04,"case_norm_mode"
8,82,TRUE,17,0.352621009406314,0.728967284724337,1e-04,"case_norm_mode"
9,115,TRUE,17,0.352621009406314,0.728967284724337,1e-04,"case_norm_mode"
1,52,TRUE,18,0.301655726463164,0.623607640995718,1e-04,"case_norm_mode"
2,35,TRUE,18,0.301655726463164,0.623607640995718,1e-04,"case_norm_mode"
3,24,TRUE,18,0.301655726463164,0.623607640995718,1e-04,"case_norm_mode"
4,14,TRUE,18,0.301655726463164,0.623607640995718,1e-04,"case_norm_mode"
5,3,TRUE,18,0.301655726463164,0.623607640995718,1e-04,"case_norm_mode"
6,4,TRUE,18,0.301655726463164,0.623607640995718,1e-04,"case_norm_mode"
7,4,TRUE,18,0.301655726463164,0.623607640995718,1e-04,"case_norm_mode"
8,3,TRUE,18,0.301655726463164,0.623607640995718,1e-04,"case_norm_mode"
9,1,TRUE,18,0.301655726463164,0.623607640995718,1e-04,"case_norm_mode"
10,1,TRUE,18,0.301655726463164,0.623607640995718,1e-04,"case_norm_mode"
11,1,TRUE,18,0.301655726463164,0.623607640995718,1e-04,"case_norm_mode"
12,1,TRUE,18,0.301655726463164,0.623607640995718,1e-04,"case_norm_mode"
13,1,TRUE,18,0.301655726463164,0.623607640995718,1e-04,"case_norm_mode"
1,62,TRUE,19,0.258056595837054,0.533475915939497,1e-04,"case_norm_mode"
2,39,TRUE,19,0.258056595837054,0.533475915939497,1e-04,"case_norm_mode"
3,26,TRUE,19,0.258056595837054,0.533475915939497,1e-04,"case_norm_mode"
4,15,TRUE,19,0.258056595837054,0.533475915939497,1e-04,"case_norm_mode"
5,3,TRUE,19,0.258056595837054,0.533475915939497,1e-04,"case_norm_mode"
6,4,TRUE,19,0.258056595837054,0.533475915939497,1e-04,"case_norm_mode"
7,3,TRUE,19,0.258056595837054,0.533475915939497,1e-04,"case_norm_mode"
8,2,TRUE,19,0.258056595837054,0.533475915939497,1e-04,"case_norm_mode"
9,1,TRUE,19,0.258056595837054,0.533475915939497,1e-04,"case_norm_mode"
10,1,TRUE,19,0.258056595837054,0.533475915939497,1e-04,"case_norm_mode"
11,1,TRUE,19,0.258056595837054,0.533475915939497,1e-04,"case_norm_mode"
12,1,TRUE,19,0.258056595837054,0.533475915939497,1e-04,"case_norm_mode"
13,1,TRUE,19,0.258056595837054,0.533475915939497,1e-04,"case_norm_mode"
14,1,TRUE,19,0.258056595837054,0.533475915939497,1e-04,"case_norm_mode"
15,1,TRUE,19,0.258056595837054,0.533475915939497,1e-04,"case_norm_mode"
16,1,TRUE,19,0.258056595837054,0.533475915939497,1e-04,"case_norm_mode"
17,11,TRUE,19,0.258056595837054,0.533475915939497,1e-04,"case_norm_mode"
18,16,TRUE,19,0.258056595837054,0.533475915939497,1e-04,"case_norm_mode"
19,6,TRUE,19,0.258056595837054,0.533475915939497,1e-04,"case_norm_mode"
20,7,TRUE,19,0.258056595837054,0.533475915939497,1e-04,"case_norm_mode"
21,37,TRUE,19,0.258056595837054,0.533475915939497,1e-04,"case_norm_mode"
22,91,TRUE,19,0.258056595837054,0.533475915939497,1e-04,"case_norm_mode"
1,115,TRUE,20,0.220758967302882,0.456371176647336,1e-04,"case_norm_mode"
2,44,TRUE,20,0.220758967302882,0.456371176647336,1e-04,"case_norm_mode"
3,28,TRUE,20,0.220758967302882,0.456371176647336,1e-04,"case_norm_mode"
4,15,TRUE,20,0.220758967302882,0.456371176647336,1e-04,"case_norm_mode"
5,3,TRUE,20,0.220758967302882,0.456371176647336,1e-04,"case_norm_mode"
6,4,TRUE,20,0.220758967302882,0.456371176647336,1e-04,"case_norm_mode"
7,4,TRUE,20,0.220758967302882,0.456371176647336,1e-04,"case_norm_mode"
8,2,TRUE,20,0.220758967302882,0.456371176647336,1e-04,"case_norm_mode"
9,16,TRUE,20,0.220758967302882,0.456371176647336,1e-04,"case_norm_mode"
10,15,TRUE,20,0.220758967302882,0.456371176647336,1e-04,"case_norm_mode"
11,1,TRUE,20,0.220758967302882,0.456371176647336,1e-04,"case_norm_mode"
12,2,TRUE,20,0.220758967302882,0.456371176647336,1e-04,"case_norm_mode"
13,1,TRUE,20,0.220758967302882,0.456371176647336,1e-04,"case_norm_mode"
14,1,TRUE,20,0.220758967302882,0.456371176647336,1e-04,"case_norm_mode"
15,1,TRUE,20,0.220758967302882,0.456371176647336,1e-04,"case_norm_mode"
16,1,TRUE,20,0.220758967302882,0.456371176647336,1e-04,"case_norm_mode"
17,1,TRUE,20,0.220758967302882,0.456371176647336,1e-04,"case_norm_mode"
1,123,TRUE,21,0.188852067456581,0.390410597088876,1e-04,"case_norm_mode"
2,48,TRUE,21,0.188852067456581,0.390410597088876,1e-04,"case_norm_mode"
3,28,TRUE,21,0.188852067456581,0.390410597088876,1e-04,"case_norm_mode"
4,15,TRUE,21,0.188852067456581,0.390410597088876,1e-04,"case_norm_mode"
5,3,TRUE,21,0.188852067456581,0.390410597088876,1e-04,"case_norm_mode"
6,3,TRUE,21,0.188852067456581,0.390410597088876,1e-04,"case_norm_mode"
7,2,TRUE,21,0.188852067456581,0.390410597088876,1e-04,"case_norm_mode"
8,1,TRUE,21,0.188852067456581,0.390410597088876,1e-04,"case_norm_mode"
9,1,TRUE,21,0.188852067456581,0.390410597088876,1e-04,"case_norm_mode"
10,1,TRUE,21,0.188852067456581,0.390410597088876,1e-04,"case_norm_mode"
11,1,TRUE,21,0.188852067456581,0.390410597088876,1e-04,"case_norm_mode"
12,1,TRUE,21,0.188852067456581,0.390410597088876,1e-04,"case_norm_mode"
13,1,TRUE,21,0.188852067456581,0.390410597088876,1e-04,"case_norm_mode"
14,1,TRUE,21,0.188852067456581,0.390410597088876,1e-04,"case_norm_mode"
15,1,TRUE,21,0.188852067456581,0.390410597088876,1e-04,"case_norm_mode"
16,1,TRUE,21,0.188852067456581,0.390410597088876,1e-04,"case_norm_mode"
17,1,TRUE,21,0.188852067456581,0.390410597088876,1e-04,"case_norm_mode"
18,1,TRUE,21,0.188852067456581,0.390410597088876,1e-04,"case_norm_mode"
19,1,TRUE,21,0.188852067456581,0.390410597088876,1e-04,"case_norm_mode"
20,1,TRUE,21,0.188852067456581,0.390410597088876,1e-04,"case_norm_mode"
21,1,TRUE,21,0.188852067456581,0.390410597088876,1e-04,"case_norm_mode"
22,1,TRUE,21,0.188852067456581,0.390410597088876,1e-04,"case_norm_mode"
23,1,TRUE,21,0.188852067456581,0.390410597088876,1e-04,"case_norm_mode"
24,1,TRUE,21,0.188852067456581,0.390410597088876,1e-04,"case_norm_mode"
25,1,TRUE,21,0.188852067456581,0.390410597088876,1e-04,"case_norm_mode"
26,1,TRUE,21,0.188852067456581,0.390410597088876,1e-04,"case_norm_mode"
27,1,TRUE,21,0.188852067456581,0.390410597088876,1e-04,"case_norm_mode"
28,1,TRUE,21,0.188852067456581,0.390410597088876,1e-04,"case_norm_mode"
29,1,TRUE,21,0.188852067456581,0.390410597088876,1e-04,"case_norm_mode"
30,1,TRUE,21,0.188852067456581,0.390410597088876,1e-04,"case_norm_mode"
31,1,TRUE,21,0.188852067456581,0.390410597088876,1e-04,"case_norm_mode"
32,1,TRUE,21,0.188852067456581,0.390410597088876,1e-04,"case_norm_mode"
33,1,TRUE,21,0.188852067456581,0.390410597088876,1e-04,"case_norm_mode"
34,1,TRUE,21,0.188852067456581,0.390410597088876,1e-04,"case_norm_mode"
35,1,TRUE,21,0.188852067456581,0.390410597088876,1e-04,"case_norm_mode"
36,1,TRUE,21,0.188852067456581,0.390410597088876,1e-04,"case_norm_mode"
37,1,TRUE,21,0.188852067456581,0.390410597088876,1e-04,"case_norm_mode"
38,1,TRUE,21,0.188852067456581,0.390410597088876,1e-04,"case_norm_mode"
39,1,TRUE,21,0.188852067456581,0.390410597088876,1e-04,"case_norm_mode"
40,1,TRUE,21,0.188852067456581,0.390410597088876,1e-04,"case_norm_mode"
41,1,TRUE,21,0.188852067456581,0.390410597088876,1e-04,"case_norm_mode"
42,1,TRUE,21,0.188852067456581,0.390410597088876,1e-04,"case_norm_mode"
43,1,TRUE,21,0.188852067456581,0.390410597088876,1e-04,"case_norm_mode"
44,1,TRUE,21,0.188852067456581,0.390410597088876,1e-04,"case_norm_mode"
45,1,TRUE,21,0.188852067456581,0.390410597088876,1e-04,"case_norm_mode"
46,1,TRUE,21,0.188852067456581,0.390410597088876,1e-04,"case_norm_mode"
1,108,TRUE,22,0.161556759475561,0.333983481251,1e-04,"case_norm_mode"
2,50,TRUE,22,0.161556759475561,0.333983481251,1e-04,"case_norm_mode"
3,35,TRUE,22,0.161556759475561,0.333983481251,1e-04,"case_norm_mode"
4,16,TRUE,22,0.161556759475561,0.333983481251,1e-04,"case_norm_mode"
5,5,TRUE,22,0.161556759475561,0.333983481251,1e-04,"case_norm_mode"
6,10,TRUE,22,0.161556759475561,0.333983481251,1e-04,"case_norm_mode"
7,6,TRUE,22,0.161556759475561,0.333983481251,1e-04,"case_norm_mode"
8,5,TRUE,22,0.161556759475561,0.333983481251,1e-04,"case_norm_mode"
9,4,TRUE,22,0.161556759475561,0.333983481251,1e-04,"case_norm_mode"
10,4,TRUE,22,0.161556759475561,0.333983481251,1e-04,"case_norm_mode"
11,3,TRUE,22,0.161556759475561,0.333983481251,1e-04,"case_norm_mode"
12,4,TRUE,22,0.161556759475561,0.333983481251,1e-04,"case_norm_mode"
13,5,TRUE,22,0.161556759475561,0.333983481251,1e-04,"case_norm_mode"
14,5,TRUE,22,0.161556759475561,0.333983481251,1e-04,"case_norm_mode"
15,4,TRUE,22,0.161556759475561,0.333983481251,1e-04,"case_norm_mode"
16,4,TRUE,22,0.161556759475561,0.333983481251,1e-04,"case_norm_mode"
17,3,TRUE,22,0.161556759475561,0.333983481251,1e-04,"case_norm_mode"
18,2,TRUE,22,0.161556759475561,0.333983481251,1e-04,"case_norm_mode"
19,2,TRUE,22,0.161556759475561,0.333983481251,1e-04,"case_norm_mode"
20,1,TRUE,22,0.161556759475561,0.333983481251,1e-04,"case_norm_mode"
21,1,TRUE,22,0.161556759475561,0.333983481251,1e-04,"case_norm_mode"
22,41,TRUE,22,0.161556759475561,0.333983481251,1e-04,"case_norm_mode"
23,278,TRUE,22,0.161556759475561,0.333983481251,1e-04,"case_norm_mode"
24,13,TRUE,22,0.161556759475561,0.333983481251,1e-04,"case_norm_mode"
25,2,TRUE,22,0.161556759475561,0.333983481251,1e-04,"case_norm_mode"
26,2,TRUE,22,0.161556759475561,0.333983481251,1e-04,"case_norm_mode"
27,2,TRUE,22,0.161556759475561,0.333983481251,1e-04,"case_norm_mode"
1,97,TRUE,23,0.138206517322057,0.285711931439055,1e-04,"case_norm_mode"
2,47,TRUE,23,0.138206517322057,0.285711931439055,1e-04,"case_norm_mode"
3,32,TRUE,23,0.138206517322057,0.285711931439055,1e-04,"case_norm_mode"
4,15,TRUE,23,0.138206517322057,0.285711931439055,1e-04,"case_norm_mode"
5,7,TRUE,23,0.138206517322057,0.285711931439055,1e-04,"case_norm_mode"
6,16,TRUE,23,0.138206517322057,0.285711931439055,1e-04,"case_norm_mode"
7,17,TRUE,23,0.138206517322057,0.285711931439055,1e-04,"case_norm_mode"
8,17,TRUE,23,0.138206517322057,0.285711931439055,1e-04,"case_norm_mode"
9,16,TRUE,23,0.138206517322057,0.285711931439055,1e-04,"case_norm_mode"
10,17,TRUE,23,0.138206517322057,0.285711931439055,1e-04,"case_norm_mode"
11,17,TRUE,23,0.138206517322057,0.285711931439055,1e-04,"case_norm_mode"
12,16,TRUE,23,0.138206517322057,0.285711931439055,1e-04,"case_norm_mode"
13,32,TRUE,23,0.138206517322057,0.285711931439055,1e-04,"case_norm_mode"
14,3,TRUE,23,0.138206517322057,0.285711931439055,1e-04,"case_norm_mode"
15,14,TRUE,23,0.138206517322057,0.285711931439055,1e-04,"case_norm_mode"
16,1,TRUE,23,0.138206517322057,0.285711931439055,1e-04,"case_norm_mode"
17,8,TRUE,23,0.138206517322057,0.285711931439055,1e-04,"case_norm_mode"
18,1,TRUE,23,0.138206517322057,0.285711931439055,1e-04,"case_norm_mode"
19,1,TRUE,23,0.138206517322057,0.285711931439055,1e-04,"case_norm_mode"
20,1,TRUE,23,0.138206517322057,0.285711931439055,1e-04,"case_norm_mode"
21,1,TRUE,23,0.138206517322057,0.285711931439055,1e-04,"case_norm_mode"
22,204,TRUE,23,0.138206517322057,0.285711931439055,1e-04,"case_norm_mode"
23,14,TRUE,23,0.138206517322057,0.285711931439055,1e-04,"case_norm_mode"
24,4,TRUE,23,0.138206517322057,0.285711931439055,1e-04,"case_norm_mode"
25,12,TRUE,23,0.138206517322057,0.285711931439055,1e-04,"case_norm_mode"
1,88,TRUE,24,0.118231149797118,0.244417201296511,1e-04,"case_norm_mode"
2,43,TRUE,24,0.118231149797118,0.244417201296511,1e-04,"case_norm_mode"
3,28,TRUE,24,0.118231149797118,0.244417201296511,1e-04,"case_norm_mode"
4,14,TRUE,24,0.118231149797118,0.244417201296511,1e-04,"case_norm_mode"
5,7,TRUE,24,0.118231149797118,0.244417201296511,1e-04,"case_norm_mode"
6,16,TRUE,24,0.118231149797118,0.244417201296511,1e-04,"case_norm_mode"
7,19,TRUE,24,0.118231149797118,0.244417201296511,1e-04,"case_norm_mode"
8,19,TRUE,24,0.118231149797118,0.244417201296511,1e-04,"case_norm_mode"
9,9,TRUE,24,0.118231149797118,0.244417201296511,1e-04,"case_norm_mode"
10,5,TRUE,24,0.118231149797118,0.244417201296511,1e-04,"case_norm_mode"
11,7,TRUE,24,0.118231149797118,0.244417201296511,1e-04,"case_norm_mode"
12,10,TRUE,24,0.118231149797118,0.244417201296511,1e-04,"case_norm_mode"
13,11,TRUE,24,0.118231149797118,0.244417201296511,1e-04,"case_norm_mode"
14,11,TRUE,24,0.118231149797118,0.244417201296511,1e-04,"case_norm_mode"
15,11,TRUE,24,0.118231149797118,0.244417201296511,1e-04,"case_norm_mode"
16,11,TRUE,24,0.118231149797118,0.244417201296511,1e-04,"case_norm_mode"
17,11,TRUE,24,0.118231149797118,0.244417201296511,1e-04,"case_norm_mode"
18,11,TRUE,24,0.118231149797118,0.244417201296511,1e-04,"case_norm_mode"
19,11,TRUE,24,0.118231149797118,0.244417201296511,1e-04,"case_norm_mode"
20,10,TRUE,24,0.118231149797118,0.244417201296511,1e-04,"case_norm_mode"
21,25,TRUE,24,0.118231149797118,0.244417201296511,1e-04,"case_norm_mode"
22,3,TRUE,24,0.118231149797118,0.244417201296511,1e-04,"case_norm_mode"
23,12,TRUE,24,0.118231149797118,0.244417201296511,1e-04,"case_norm_mode"
24,1,TRUE,24,0.118231149797118,0.244417201296511,1e-04,"case_norm_mode"
25,4,TRUE,24,0.118231149797118,0.244417201296511,1e-04,"case_norm_mode"
26,1,TRUE,24,0.118231149797118,0.244417201296511,1e-04,"case_norm_mode"
27,1,TRUE,24,0.118231149797118,0.244417201296511,1e-04,"case_norm_mode"
28,1,TRUE,24,0.118231149797118,0.244417201296511,1e-04,"case_norm_mode"
29,1,TRUE,24,0.118231149797118,0.244417201296511,1e-04,"case_norm_mode"
30,1,TRUE,24,0.118231149797118,0.244417201296511,1e-04,"case_norm_mode"
31,67,TRUE,24,0.118231149797118,0.244417201296511,1e-04,"case_norm_mode"
32,384,TRUE,24,0.118231149797118,0.244417201296511,1e-04,"case_norm_mode"
1,80,TRUE,25,0.101142877001776,0.209090911915109,1e-04,"case_norm_mode"
2,39,TRUE,25,0.101142877001776,0.209090911915109,1e-04,"case_norm_mode"
3,25,TRUE,25,0.101142877001776,0.209090911915109,1e-04,"case_norm_mode"
4,15,TRUE,25,0.101142877001776,0.209090911915109,1e-04,"case_norm_mode"
5,10,TRUE,25,0.101142877001776,0.209090911915109,1e-04,"case_norm_mode"
6,20,TRUE,25,0.101142877001776,0.209090911915109,1e-04,"case_norm_mode"
7,20,TRUE,25,0.101142877001776,0.209090911915109,1e-04,"case_norm_mode"
8,19,TRUE,25,0.101142877001776,0.209090911915109,1e-04,"case_norm_mode"
9,19,TRUE,25,0.101142877001776,0.209090911915109,1e-04,"case_norm_mode"
10,20,TRUE,25,0.101142877001776,0.209090911915109,1e-04,"case_norm_mode"
11,19,TRUE,25,0.101142877001776,0.209090911915109,1e-04,"case_norm_mode"
12,34,TRUE,25,0.101142877001776,0.209090911915109,1e-04,"case_norm_mode"
13,4,TRUE,25,0.101142877001776,0.209090911915109,1e-04,"case_norm_mode"
14,4,TRUE,25,0.101142877001776,0.209090911915109,1e-04,"case_norm_mode"
15,7,TRUE,25,0.101142877001776,0.209090911915109,1e-04,"case_norm_mode"
16,13,TRUE,25,0.101142877001776,0.209090911915109,1e-04,"case_norm_mode"
17,1,TRUE,25,0.101142877001776,0.209090911915109,1e-04,"case_norm_mode"
18,1,TRUE,25,0.101142877001776,0.209090911915109,1e-04,"case_norm_mode"
19,9,TRUE,25,0.101142877001776,0.209090911915109,1e-04,"case_norm_mode"
20,1,TRUE,25,0.101142877001776,0.209090911915109,1e-04,"case_norm_mode"
21,1,TRUE,25,0.101142877001776,0.209090911915109,1e-04,"case_norm_mode"
22,1,TRUE,25,0.101142877001776,0.209090911915109,1e-04,"case_norm_mode"
23,1,TRUE,25,0.101142877001776,0.209090911915109,1e-04,"case_norm_mode"
24,1,TRUE,25,0.101142877001776,0.209090911915109,1e-04,"case_norm_mode"
25,1,TRUE,25,0.101142877001776,0.209090911915109,1e-04,"case_norm_mode"
26,1,TRUE,25,0.101142877001776,0.209090911915109,1e-04,"case_norm_mode"
27,1,TRUE,25,0.101142877001776,0.209090911915109,1e-04,"case_norm_mode"
28,1,TRUE,25,0.101142877001776,0.209090911915109,1e-04,"case_norm_mode"
29,1,TRUE,25,0.101142877001776,0.209090911915109,1e-04,"case_norm_mode"
30,1,TRUE,25,0.101142877001776,0.209090911915109,1e-04,"case_norm_mode"
31,1,TRUE,25,0.101142877001776,0.209090911915109,1e-04,"case_norm_mode"
32,2,TRUE,25,0.101142877001776,0.209090911915109,1e-04,"case_norm_mode"
33,1,TRUE,25,0.101142877001776,0.209090911915109,1e-04,"case_norm_mode"
1,78,TRUE,26,0.0865244192055192,0.178870428159656,1e-04,"case_norm_mode"
2,38,TRUE,26,0.0865244192055192,0.178870428159656,1e-04,"case_norm_mode"
3,24,TRUE,26,0.0865244192055192,0.178870428159656,1e-04,"case_norm_mode"
4,16,TRUE,26,0.0865244192055192,0.178870428159656,1e-04,"case_norm_mode"
5,4,TRUE,26,0.0865244192055192,0.178870428159656,1e-04,"case_norm_mode"
6,14,TRUE,26,0.0865244192055192,0.178870428159656,1e-04,"case_norm_mode"
7,11,TRUE,26,0.0865244192055192,0.178870428159656,1e-04,"case_norm_mode"
8,6,TRUE,26,0.0865244192055192,0.178870428159656,1e-04,"case_norm_mode"
9,6,TRUE,26,0.0865244192055192,0.178870428159656,1e-04,"case_norm_mode"
10,11,TRUE,26,0.0865244192055192,0.178870428159656,1e-04,"case_norm_mode"
11,15,TRUE,26,0.0865244192055192,0.178870428159656,1e-04,"case_norm_mode"
12,11,TRUE,26,0.0865244192055192,0.178870428159656,1e-04,"case_norm_mode"
13,6,TRUE,26,0.0865244192055192,0.178870428159656,1e-04,"case_norm_mode"
14,4,TRUE,26,0.0865244192055192,0.178870428159656,1e-04,"case_norm_mode"
15,2,TRUE,26,0.0865244192055192,0.178870428159656,1e-04,"case_norm_mode"
16,3,TRUE,26,0.0865244192055192,0.178870428159656,1e-04,"case_norm_mode"
17,2,TRUE,26,0.0865244192055192,0.178870428159656,1e-04,"case_norm_mode"
18,1,TRUE,26,0.0865244192055192,0.178870428159656,1e-04,"case_norm_mode"
19,2,TRUE,26,0.0865244192055192,0.178870428159656,1e-04,"case_norm_mode"
20,1,TRUE,26,0.0865244192055192,0.178870428159656,1e-04,"case_norm_mode"
21,2,TRUE,26,0.0865244192055192,0.178870428159656,1e-04,"case_norm_mode"
22,1,TRUE,26,0.0865244192055192,0.178870428159656,1e-04,"case_norm_mode"
23,1,TRUE,26,0.0865244192055192,0.178870428159656,1e-04,"case_norm_mode"
24,1,TRUE,26,0.0865244192055192,0.178870428159656,1e-04,"case_norm_mode"
25,1,TRUE,26,0.0865244192055192,0.178870428159656,1e-04,"case_norm_mode"
26,1,TRUE,26,0.0865244192055192,0.178870428159656,1e-04,"case_norm_mode"
27,1,TRUE,26,0.0865244192055192,0.178870428159656,1e-04,"case_norm_mode"
28,1,TRUE,26,0.0865244192055192,0.178870428159656,1e-04,"case_norm_mode"
29,1,TRUE,26,0.0865244192055192,0.178870428159656,1e-04,"case_norm_mode"
30,1,TRUE,26,0.0865244192055192,0.178870428159656,1e-04,"case_norm_mode"
31,1,TRUE,26,0.0865244192055192,0.178870428159656,1e-04,"case_norm_mode"
32,1,TRUE,26,0.0865244192055192,0.178870428159656,1e-04,"case_norm_mode"
33,1,TRUE,26,0.0865244192055192,0.178870428159656,1e-04,"case_norm_mode"
34,1,TRUE,26,0.0865244192055192,0.178870428159656,1e-04,"case_norm_mode"
35,1,TRUE,26,0.0865244192055192,0.178870428159656,1e-04,"case_norm_mode"
36,1,TRUE,26,0.0865244192055192,0.178870428159656,1e-04,"case_norm_mode"
37,1,TRUE,26,0.0865244192055192,0.178870428159656,1e-04,"case_norm_mode"
38,1,TRUE,26,0.0865244192055192,0.178870428159656,1e-04,"case_norm_mode"
39,1,TRUE,26,0.0865244192055192,0.178870428159656,1e-04,"case_norm_mode"
40,1,TRUE,26,0.0865244192055192,0.178870428159656,1e-04,"case_norm_mode"
41,1,TRUE,26,0.0865244192055192,0.178870428159656,1e-04,"case_norm_mode"
42,1,TRUE,26,0.0865244192055192,0.178870428159656,1e-04,"case_norm_mode"
43,1,TRUE,26,0.0865244192055192,0.178870428159656,1e-04,"case_norm_mode"
44,1,TRUE,26,0.0865244192055192,0.178870428159656,1e-04,"case_norm_mode"
45,1,TRUE,26,0.0865244192055192,0.178870428159656,1e-04,"case_norm_mode"
46,1,TRUE,26,0.0865244192055192,0.178870428159656,1e-04,"case_norm_mode"
47,1,TRUE,26,0.0865244192055192,0.178870428159656,1e-04,"case_norm_mode"
48,1,TRUE,26,0.0865244192055192,0.178870428159656,1e-04,"case_norm_mode"
49,1,TRUE,26,0.0865244192055192,0.178870428159656,1e-04,"case_norm_mode"
50,1,TRUE,26,0.0865244192055192,0.178870428159656,1e-04,"case_norm_mode"
51,1,TRUE,26,0.0865244192055192,0.178870428159656,1e-04,"case_norm_mode"
52,1,TRUE,26,0.0865244192055192,0.178870428159656,1e-04,"case_norm_mode"
53,1,TRUE,26,0.0865244192055192,0.178870428159656,1e-04,"case_norm_mode"
54,1,TRUE,26,0.0865244192055192,0.178870428159656,1e-04,"case_norm_mode"
55,1,TRUE,26,0.0865244192055192,0.178870428159656,1e-04,"case_norm_mode"
56,1,TRUE,26,0.0865244192055192,0.178870428159656,1e-04,"case_norm_mode"
57,1,TRUE,26,0.0865244192055192,0.178870428159656,1e-04,"case_norm_mode"
58,1,TRUE,26,0.0865244192055192,0.178870428159656,1e-04,"case_norm_mode"
59,1,TRUE,26,0.0865244192055192,0.178870428159656,1e-04,"case_norm_mode"
60,1,TRUE,26,0.0865244192055192,0.178870428159656,1e-04,"case_norm_mode"
61,1,TRUE,26,0.0865244192055192,0.178870428159656,1e-04,"case_norm_mode"
62,1,TRUE,26,0.0865244192055192,0.178870428159656,1e-04,"case_norm_mode"
63,1,TRUE,26,0.0865244192055192,0.178870428159656,1e-04,"case_norm_mode"
64,1,TRUE,26,0.0865244192055192,0.178870428159656,1e-04,"case_norm_mode"
65,1,TRUE,26,0.0865244192055192,0.178870428159656,1e-04,"case_norm_mode"
66,1,TRUE,26,0.0865244192055192,0.178870428159656,1e-04,"case_norm_mode"
67,1,TRUE,26,0.0865244192055192,0.178870428159656,1e-04,"case_norm_mode"
68,1,TRUE,26,0.0865244192055192,0.178870428159656,1e-04,"case_norm_mode"
69,1,TRUE,26,0.0865244192055192,0.178870428159656,1e-04,"case_norm_mode"
70,1,TRUE,26,0.0865244192055192,0.178870428159656,1e-04,"case_norm_mode"
71,1,TRUE,26,0.0865244192055192,0.178870428159656,1e-04,"case_norm_mode"
72,1,TRUE,26,0.0865244192055192,0.178870428159656,1e-04,"case_norm_mode"
73,1,TRUE,26,0.0865244192055192,0.178870428159656,1e-04,"case_norm_mode"
74,1,TRUE,26,0.0865244192055192,0.178870428159656,1e-04,"case_norm_mode"
75,1,TRUE,26,0.0865244192055192,0.178870428159656,1e-04,"case_norm_mode"
76,1,TRUE,26,0.0865244192055192,0.178870428159656,1e-04,"case_norm_mode"
77,1,TRUE,26,0.0865244192055192,0.178870428159656,1e-04,"case_norm_mode"
78,1,TRUE,26,0.0865244192055192,0.178870428159656,1e-04,"case_norm_mode"
79,1,TRUE,26,0.0865244192055192,0.178870428159656,1e-04,"case_norm_mode"
80,1,TRUE,26,0.0865244192055192,0.178870428159656,1e-04,"case_norm_mode"
81,1,TRUE,26,0.0865244192055192,0.178870428159656,1e-04,"case_norm_mode"
82,1,TRUE,26,0.0865244192055192,0.178870428159656,1e-04,"case_norm_mode"
83,1,TRUE,26,0.0865244192055192,0.178870428159656,1e-04,"case_norm_mode"
84,1,TRUE,26,0.0865244192055192,0.178870428159656,1e-04,"case_norm_mode"
85,1,TRUE,26,0.0865244192055192,0.178870428159656,1e-04,"case_norm_mode"
86,1,TRUE,26,0.0865244192055192,0.178870428159656,1e-04,"case_norm_mode"
87,1,TRUE,26,0.0865244192055192,0.178870428159656,1e-04,"case_norm_mode"
88,1,TRUE,26,0.0865244192055192,0.178870428159656,1e-04,"case_norm_mode"
89,1,TRUE,26,0.0865244192055192,0.178870428159656,1e-04,"case_norm_mode"
90,1,TRUE,26,0.0865244192055192,0.178870428159656,1e-04,"case_norm_mode"
91,1,TRUE,26,0.0865244192055192,0.178870428159656,1e-04,"case_norm_mode"
92,1,TRUE,26,0.0865244192055192,0.178870428159656,1e-04,"case_norm_mode"
93,1,TRUE,26,0.0865244192055192,0.178870428159656,1e-04,"case_norm_mode"
94,1,TRUE,26,0.0865244192055192,0.178870428159656,1e-04,"case_norm_mode"
95,1,TRUE,26,0.0865244192055192,0.178870428159656,1e-04,"case_norm_mode"
96,1,TRUE,26,0.0865244192055192,0.178870428159656,1e-04,"case_norm_mode"
97,1,TRUE,26,0.0865244192055192,0.178870428159656,1e-04,"case_norm_mode"
98,1,TRUE,26,0.0865244192055192,0.178870428159656,1e-04,"case_norm_mode"
99,1,TRUE,26,0.0865244192055192,0.178870428159656,1e-04,"case_norm_mode"
100,1,TRUE,26,0.0865244192055192,0.178870428159656,1e-04,"case_norm_mode"
101,1,TRUE,26,0.0865244192055192,0.178870428159656,1e-04,"case_norm_mode"
102,1,TRUE,26,0.0865244192055192,0.178870428159656,1e-04,"case_norm_mode"
103,1,TRUE,26,0.0865244192055192,0.178870428159656,1e-04,"case_norm_mode"
104,1,TRUE,26,0.0865244192055192,0.178870428159656,1e-04,"case_norm_mode"
105,1,TRUE,26,0.0865244192055192,0.178870428159656,1e-04,"case_norm_mode"
106,1,TRUE,26,0.0865244192055192,0.178870428159656,1e-04,"case_norm_mode"
107,1,TRUE,26,0.0865244192055192,0.178870428159656,1e-04,"case_norm_mode"
108,1,TRUE,26,0.0865244192055192,0.178870428159656,1e-04,"case_norm_mode"
109,1,TRUE,26,0.0865244192055192,0.178870428159656,1e-04,"case_norm_mode"
110,1,TRUE,26,0.0865244192055192,0.178870428159656,1e-04,"case_norm_mode"
111,1,TRUE,26,0.0865244192055192,0.178870428159656,1e-04,"case_norm_mode"
112,1,TRUE,26,0.0865244192055192,0.178870428159656,1e-04,"case_norm_mode"
113,1,TRUE,26,0.0865244192055192,0.178870428159656,1e-04,"case_norm_mode"
114,1,TRUE,26,0.0865244192055192,0.178870428159656,1e-04,"case_norm_mode"
115,1,TRUE,26,0.0865244192055192,0.178870428159656,1e-04,"case_norm_mode"
116,1,TRUE,26,0.0865244192055192,0.178870428159656,1e-04,"case_norm_mode"
117,1,TRUE,26,0.0865244192055192,0.178870428159656,1e-04,"case_norm_mode"
118,1,TRUE,26,0.0865244192055192,0.178870428159656,1e-04,"case_norm_mode"
119,1,TRUE,26,0.0865244192055192,0.178870428159656,1e-04,"case_norm_mode"
1,86,TRUE,27,0.0740188072633227,0.153017793920229,1e-04,"case_norm_mode"
2,40,TRUE,27,0.0740188072633227,0.153017793920229,1e-04,"case_norm_mode"
3,25,TRUE,27,0.0740188072633227,0.153017793920229,1e-04,"case_norm_mode"
4,63,TRUE,27,0.0740188072633227,0.153017793920229,1e-04,"case_norm_mode"
5,33,TRUE,27,0.0740188072633227,0.153017793920229,1e-04,"case_norm_mode"
6,2,TRUE,27,0.0740188072633227,0.153017793920229,1e-04,"case_norm_mode"
7,12,TRUE,27,0.0740188072633227,0.153017793920229,1e-04,"case_norm_mode"
8,1,TRUE,27,0.0740188072633227,0.153017793920229,1e-04,"case_norm_mode"
9,62,TRUE,27,0.0740188072633227,0.153017793920229,1e-04,"case_norm_mode"
10,154,TRUE,27,0.0740188072633227,0.153017793920229,1e-04,"case_norm_mode"
1,94,TRUE,28,0.0633206657610876,0.130901711910223,1e-04,"case_norm_mode"
2,43,TRUE,28,0.0633206657610876,0.130901711910223,1e-04,"case_norm_mode"
3,25,TRUE,28,0.0633206657610876,0.130901711910223,1e-04,"case_norm_mode"
4,14,TRUE,28,0.0633206657610876,0.130901711910223,1e-04,"case_norm_mode"
5,4,TRUE,28,0.0633206657610876,0.130901711910223,1e-04,"case_norm_mode"
6,5,TRUE,28,0.0633206657610876,0.130901711910223,1e-04,"case_norm_mode"
7,4,TRUE,28,0.0633206657610876,0.130901711910223,1e-04,"case_norm_mode"
8,4,TRUE,28,0.0633206657610876,0.130901711910223,1e-04,"case_norm_mode"
9,8,TRUE,28,0.0633206657610876,0.130901711910223,1e-04,"case_norm_mode"
10,6,TRUE,28,0.0633206657610876,0.130901711910223,1e-04,"case_norm_mode"
11,5,TRUE,28,0.0633206657610876,0.130901711910223,1e-04,"case_norm_mode"
12,4,TRUE,28,0.0633206657610876,0.130901711910223,1e-04,"case_norm_mode"
13,3,TRUE,28,0.0633206657610876,0.130901711910223,1e-04,"case_norm_mode"
14,3,TRUE,28,0.0633206657610876,0.130901711910223,1e-04,"case_norm_mode"
15,2,TRUE,28,0.0633206657610876,0.130901711910223,1e-04,"case_norm_mode"
16,2,TRUE,28,0.0633206657610876,0.130901711910223,1e-04,"case_norm_mode"
17,2,TRUE,28,0.0633206657610876,0.130901711910223,1e-04,"case_norm_mode"
18,2,TRUE,28,0.0633206657610876,0.130901711910223,1e-04,"case_norm_mode"
19,2,TRUE,28,0.0633206657610876,0.130901711910223,1e-04,"case_norm_mode"
20,2,TRUE,28,0.0633206657610876,0.130901711910223,1e-04,"case_norm_mode"
21,1,TRUE,28,0.0633206657610876,0.130901711910223,1e-04,"case_norm_mode"
22,1,TRUE,28,0.0633206657610876,0.130901711910223,1e-04,"case_norm_mode"
23,1,TRUE,28,0.0633206657610876,0.130901711910223,1e-04,"case_norm_mode"
24,1,TRUE,28,0.0633206657610876,0.130901711910223,1e-04,"case_norm_mode"
25,1,TRUE,28,0.0633206657610876,0.130901711910223,1e-04,"case_norm_mode"
26,1,TRUE,28,0.0633206657610876,0.130901711910223,1e-04,"case_norm_mode"
27,1,TRUE,28,0.0633206657610876,0.130901711910223,1e-04,"case_norm_mode"
28,4,TRUE,28,0.0633206657610876,0.130901711910223,1e-04,"case_norm_mode"
29,12,TRUE,28,0.0633206657610876,0.130901711910223,1e-04,"case_norm_mode"
30,1,TRUE,28,0.0633206657610876,0.130901711910223,1e-04,"case_norm_mode"
31,1,TRUE,28,0.0633206657610876,0.130901711910223,1e-04,"case_norm_mode"
32,48,TRUE,28,0.0633206657610876,0.130901711910223,1e-04,"case_norm_mode"
33,127,TRUE,28,0.0633206657610876,0.130901711910223,1e-04,"case_norm_mode"
1,102,TRUE,29,0.054168756032011,0.111982127973692,1e-04,"case_norm_mode"
2,47,TRUE,29,0.054168756032011,0.111982127973692,1e-04,"case_norm_mode"
3,26,TRUE,29,0.054168756032011,0.111982127973692,1e-04,"case_norm_mode"
4,13,TRUE,29,0.054168756032011,0.111982127973692,1e-04,"case_norm_mode"
5,5,TRUE,29,0.054168756032011,0.111982127973692,1e-04,"case_norm_mode"
6,7,TRUE,29,0.054168756032011,0.111982127973692,1e-04,"case_norm_mode"
7,31,TRUE,29,0.054168756032011,0.111982127973692,1e-04,"case_norm_mode"
8,30,TRUE,29,0.054168756032011,0.111982127973692,1e-04,"case_norm_mode"
9,21,TRUE,29,0.054168756032011,0.111982127973692,1e-04,"case_norm_mode"
10,2,TRUE,29,0.054168756032011,0.111982127973692,1e-04,"case_norm_mode"
11,10,TRUE,29,0.054168756032011,0.111982127973692,1e-04,"case_norm_mode"
12,1,TRUE,29,0.054168756032011,0.111982127973692,1e-04,"case_norm_mode"
13,30,TRUE,29,0.054168756032011,0.111982127973692,1e-04,"case_norm_mode"
14,43,TRUE,29,0.054168756032011,0.111982127973692,1e-04,"case_norm_mode"
1,170,TRUE,30,0.0463395969512803,0.0957970434650741,1e-04,"case_norm_mode"
2,47,TRUE,30,0.0463395969512803,0.0957970434650741,1e-04,"case_norm_mode"
3,27,TRUE,30,0.0463395969512803,0.0957970434650741,1e-04,"case_norm_mode"
4,12,TRUE,30,0.0463395969512803,0.0957970434650741,1e-04,"case_norm_mode"
5,20,TRUE,30,0.0463395969512803,0.0957970434650741,1e-04,"case_norm_mode"
6,18,TRUE,30,0.0463395969512803,0.0957970434650741,1e-04,"case_norm_mode"
7,16,TRUE,30,0.0463395969512803,0.0957970434650741,1e-04,"case_norm_mode"
8,33,TRUE,30,0.0463395969512803,0.0957970434650741,1e-04,"case_norm_mode"
9,29,TRUE,30,0.0463395969512803,0.0957970434650741,1e-04,"case_norm_mode"
10,23,TRUE,30,0.0463395969512803,0.0957970434650741,1e-04,"case_norm_mode"
11,1,TRUE,30,0.0463395969512803,0.0957970434650741,1e-04,"case_norm_mode"
12,1,TRUE,30,0.0463395969512803,0.0957970434650741,1e-04,"case_norm_mode"
13,1,TRUE,30,0.0463395969512803,0.0957970434650741,1e-04,"case_norm_mode"
14,23,TRUE,30,0.0463395969512803,0.0957970434650741,1e-04,"case_norm_mode"
15,35,TRUE,30,0.0463395969512803,0.0957970434650741,1e-04,"case_norm_mode"
16,19,TRUE,30,0.0463395969512803,0.0957970434650741,1e-04,"case_norm_mode"
1,101,TRUE,31,0.03964200773483,0.0819512336719061,1e-04,"case_norm_mode"
2,47,TRUE,31,0.03964200773483,0.0819512336719061,1e-04,"case_norm_mode"
3,33,TRUE,31,0.03964200773483,0.0819512336719061,1e-04,"case_norm_mode"
4,51,TRUE,31,0.03964200773483,0.0819512336719061,1e-04,"case_norm_mode"
5,39,TRUE,31,0.03964200773483,0.0819512336719061,1e-04,"case_norm_mode"
6,8,TRUE,31,0.03964200773483,0.0819512336719061,1e-04,"case_norm_mode"
7,46,TRUE,31,0.03964200773483,0.0819512336719061,1e-04,"case_norm_mode"
8,11,TRUE,31,0.03964200773483,0.0819512336719061,1e-04,"case_norm_mode"
9,40,TRUE,31,0.03964200773483,0.0819512336719061,1e-04,"case_norm_mode"
10,39,TRUE,31,0.03964200773483,0.0819512336719061,1e-04,"case_norm_mode"
11,22,TRUE,31,0.03964200773483,0.0819512336719061,1e-04,"case_norm_mode"
12,1,TRUE,31,0.03964200773483,0.0819512336719061,1e-04,"case_norm_mode"
13,1,TRUE,31,0.03964200773483,0.0819512336719061,1e-04,"case_norm_mode"
14,1,TRUE,31,0.03964200773483,0.0819512336719061,1e-04,"case_norm_mode"
15,29,TRUE,31,0.03964200773483,0.0819512336719061,1e-04,"case_norm_mode"
16,59,TRUE,31,0.03964200773483,0.0819512336719061,1e-04,"case_norm_mode"
1,64,TRUE,32,0.0339124394823833,0.0701065967948781,1e-04,"case_norm_mode"
2,43,TRUE,32,0.0339124394823833,0.0701065967948781,1e-04,"case_norm_mode"
3,35,TRUE,32,0.0339124394823833,0.0701065967948781,1e-04,"case_norm_mode"
4,50,TRUE,32,0.0339124394823833,0.0701065967948781,1e-04,"case_norm_mode"
5,39,TRUE,32,0.0339124394823833,0.0701065967948781,1e-04,"case_norm_mode"
6,7,TRUE,32,0.0339124394823833,0.0701065967948781,1e-04,"case_norm_mode"
7,45,TRUE,32,0.0339124394823833,0.0701065967948781,1e-04,"case_norm_mode"
8,32,TRUE,32,0.0339124394823833,0.0701065967948781,1e-04,"case_norm_mode"
9,32,TRUE,32,0.0339124394823833,0.0701065967948781,1e-04,"case_norm_mode"
10,33,TRUE,32,0.0339124394823833,0.0701065967948781,1e-04,"case_norm_mode"
11,34,TRUE,32,0.0339124394823833,0.0701065967948781,1e-04,"case_norm_mode"
12,33,TRUE,32,0.0339124394823833,0.0701065967948781,1e-04,"case_norm_mode"
13,62,TRUE,32,0.0339124394823833,0.0701065967948781,1e-04,"case_norm_mode"
14,53,TRUE,32,0.0339124394823833,0.0701065967948781,1e-04,"case_norm_mode"
15,13,TRUE,32,0.0339124394823833,0.0701065967948781,1e-04,"case_norm_mode"
16,1,TRUE,32,0.0339124394823833,0.0701065967948781,1e-04,"case_norm_mode"
17,25,TRUE,32,0.0339124394823833,0.0701065967948781,1e-04,"case_norm_mode"
18,34,TRUE,32,0.0339124394823833,0.0701065967948781,1e-04,"case_norm_mode"
19,19,TRUE,32,0.0339124394823833,0.0701065967948781,1e-04,"case_norm_mode"
20,1,TRUE,32,0.0339124394823833,0.0701065967948781,1e-04,"case_norm_mode"
1,69,TRUE,33,0.0290109814653977,0.059973897816312,1e-04,"case_norm_mode"
2,41,TRUE,33,0.0290109814653977,0.059973897816312,1e-04,"case_norm_mode"
3,34,TRUE,33,0.0290109814653977,0.059973897816312,1e-04,"case_norm_mode"
4,50,TRUE,33,0.0290109814653977,0.059973897816312,1e-04,"case_norm_mode"
5,93,TRUE,33,0.0290109814653977,0.059973897816312,1e-04,"case_norm_mode"
6,11,TRUE,33,0.0290109814653977,0.059973897816312,1e-04,"case_norm_mode"
7,9,TRUE,33,0.0290109814653977,0.059973897816312,1e-04,"case_norm_mode"
8,38,TRUE,33,0.0290109814653977,0.059973897816312,1e-04,"case_norm_mode"
9,37,TRUE,33,0.0290109814653977,0.059973897816312,1e-04,"case_norm_mode"
10,20,TRUE,33,0.0290109814653977,0.059973897816312,1e-04,"case_norm_mode"
11,1,TRUE,33,0.0290109814653977,0.059973897816312,1e-04,"case_norm_mode"
12,28,TRUE,33,0.0290109814653977,0.059973897816312,1e-04,"case_norm_mode"
13,46,TRUE,33,0.0290109814653977,0.059973897816312,1e-04,"case_norm_mode"
14,39,TRUE,33,0.0290109814653977,0.059973897816312,1e-04,"case_norm_mode"
15,20,TRUE,33,0.0290109814653977,0.059973897816312,1e-04,"case_norm_mode"
16,24,TRUE,33,0.0290109814653977,0.059973897816312,1e-04,"case_norm_mode"
17,23,TRUE,33,0.0290109814653977,0.059973897816312,1e-04,"case_norm_mode"
18,24,TRUE,33,0.0290109814653977,0.059973897816312,1e-04,"case_norm_mode"
19,23,TRUE,33,0.0290109814653977,0.059973897816312,1e-04,"case_norm_mode"
20,45,TRUE,33,0.0290109814653977,0.059973897816312,1e-04,"case_norm_mode"
1,74,TRUE,34,0.0248179446371843,0.0513057056500027,1e-04,"case_norm_mode"
2,40,TRUE,34,0.0248179446371843,0.0513057056500027,1e-04,"case_norm_mode"
3,32,TRUE,34,0.0248179446371843,0.0513057056500027,1e-04,"case_norm_mode"
4,48,TRUE,34,0.0248179446371843,0.0513057056500027,1e-04,"case_norm_mode"
5,87,TRUE,34,0.0248179446371843,0.0513057056500027,1e-04,"case_norm_mode"
6,11,TRUE,34,0.0248179446371843,0.0513057056500027,1e-04,"case_norm_mode"
7,9,TRUE,34,0.0248179446371843,0.0513057056500027,1e-04,"case_norm_mode"
8,38,TRUE,34,0.0248179446371843,0.0513057056500027,1e-04,"case_norm_mode"
9,36,TRUE,34,0.0248179446371843,0.0513057056500027,1e-04,"case_norm_mode"
10,21,TRUE,34,0.0248179446371843,0.0513057056500027,1e-04,"case_norm_mode"
11,1,TRUE,34,0.0248179446371843,0.0513057056500027,1e-04,"case_norm_mode"
12,27,TRUE,34,0.0248179446371843,0.0513057056500027,1e-04,"case_norm_mode"
13,43,TRUE,34,0.0248179446371843,0.0513057056500027,1e-04,"case_norm_mode"
14,51,TRUE,34,0.0248179446371843,0.0513057056500027,1e-04,"case_norm_mode"
15,39,TRUE,34,0.0248179446371843,0.0513057056500027,1e-04,"case_norm_mode"
16,22,TRUE,34,0.0248179446371843,0.0513057056500027,1e-04,"case_norm_mode"
17,25,TRUE,34,0.0248179446371843,0.0513057056500027,1e-04,"case_norm_mode"
18,24,TRUE,34,0.0248179446371843,0.0513057056500027,1e-04,"case_norm_mode"
19,25,TRUE,34,0.0248179446371843,0.0513057056500027,1e-04,"case_norm_mode"
20,25,TRUE,34,0.0248179446371843,0.0513057056500027,1e-04,"case_norm_mode"
21,25,TRUE,34,0.0248179446371843,0.0513057056500027,1e-04,"case_norm_mode"
22,25,TRUE,34,0.0248179446371843,0.0513057056500027,1e-04,"case_norm_mode"
23,25,TRUE,34,0.0248179446371843,0.0513057056500027,1e-04,"case_norm_mode"
24,24,TRUE,34,0.0248179446371843,0.0513057056500027,1e-04,"case_norm_mode"
25,46,TRUE,34,0.0248179446371843,0.0513057056500027,1e-04,"case_norm_mode"
1,79,TRUE,35,0.021230938937691,0.0438903511041895,1e-04,"case_norm_mode"
2,38,TRUE,35,0.021230938937691,0.0438903511041895,1e-04,"case_norm_mode"
3,29,TRUE,35,0.021230938937691,0.0438903511041895,1e-04,"case_norm_mode"
4,45,TRUE,35,0.021230938937691,0.0438903511041895,1e-04,"case_norm_mode"
5,86,TRUE,35,0.021230938937691,0.0438903511041895,1e-04,"case_norm_mode"
6,11,TRUE,35,0.021230938937691,0.0438903511041895,1e-04,"case_norm_mode"
7,9,TRUE,35,0.021230938937691,0.0438903511041895,1e-04,"case_norm_mode"
8,38,TRUE,35,0.021230938937691,0.0438903511041895,1e-04,"case_norm_mode"
9,36,TRUE,35,0.021230938937691,0.0438903511041895,1e-04,"case_norm_mode"
10,20,TRUE,35,0.021230938937691,0.0438903511041895,1e-04,"case_norm_mode"
11,39,TRUE,35,0.021230938937691,0.0438903511041895,1e-04,"case_norm_mode"
12,16,TRUE,35,0.021230938937691,0.0438903511041895,1e-04,"case_norm_mode"
13,39,TRUE,35,0.021230938937691,0.0438903511041895,1e-04,"case_norm_mode"
14,36,TRUE,35,0.021230938937691,0.0438903511041895,1e-04,"case_norm_mode"
15,35,TRUE,35,0.021230938937691,0.0438903511041895,1e-04,"case_norm_mode"
16,36,TRUE,35,0.021230938937691,0.0438903511041895,1e-04,"case_norm_mode"
17,37,TRUE,35,0.021230938937691,0.0438903511041895,1e-04,"case_norm_mode"
18,61,TRUE,35,0.021230938937691,0.0438903511041895,1e-04,"case_norm_mode"
1,85,TRUE,36,0.0181623730234537,0.0375467581167345,1e-04,"case_norm_mode"
2,37,TRUE,36,0.0181623730234537,0.0375467581167345,1e-04,"case_norm_mode"
3,24,TRUE,36,0.0181623730234537,0.0375467581167345,1e-04,"case_norm_mode"
4,29,TRUE,36,0.0181623730234537,0.0375467581167345,1e-04,"case_norm_mode"
5,30,TRUE,36,0.0181623730234537,0.0375467581167345,1e-04,"case_norm_mode"
6,33,TRUE,36,0.0181623730234537,0.0375467581167345,1e-04,"case_norm_mode"
7,33,TRUE,36,0.0181623730234537,0.0375467581167345,1e-04,"case_norm_mode"
8,33,TRUE,36,0.0181623730234537,0.0375467581167345,1e-04,"case_norm_mode"
9,56,TRUE,36,0.0181623730234537,0.0375467581167345,1e-04,"case_norm_mode"
10,1,TRUE,36,0.0181623730234537,0.0375467581167345,1e-04,"case_norm_mode"
11,1,TRUE,36,0.0181623730234537,0.0375467581167345,1e-04,"case_norm_mode"
12,20,TRUE,36,0.0181623730234537,0.0375467581167345,1e-04,"case_norm_mode"
13,1,TRUE,36,0.0181623730234537,0.0375467581167345,1e-04,"case_norm_mode"
14,1,TRUE,36,0.0181623730234537,0.0375467581167345,1e-04,"case_norm_mode"
15,43,TRUE,36,0.0181623730234537,0.0375467581167345,1e-04,"case_norm_mode"
16,16,TRUE,36,0.0181623730234537,0.0375467581167345,1e-04,"case_norm_mode"
17,43,TRUE,36,0.0181623730234537,0.0375467581167345,1e-04,"case_norm_mode"
18,38,TRUE,36,0.0181623730234537,0.0375467581167345,1e-04,"case_norm_mode"
19,24,TRUE,36,0.0181623730234537,0.0375467581167345,1e-04,"case_norm_mode"
20,24,TRUE,36,0.0181623730234537,0.0375467581167345,1e-04,"case_norm_mode"
21,26,TRUE,36,0.0181623730234537,0.0375467581167345,1e-04,"case_norm_mode"
22,25,TRUE,36,0.0181623730234537,0.0375467581167345,1e-04,"case_norm_mode"
23,25,TRUE,36,0.0181623730234537,0.0375467581167345,1e-04,"case_norm_mode"
24,25,TRUE,36,0.0181623730234537,0.0375467581167345,1e-04,"case_norm_mode"
25,25,TRUE,36,0.0181623730234537,0.0375467581167345,1e-04,"case_norm_mode"
26,45,TRUE,36,0.0181623730234537,0.0375467581167345,1e-04,"case_norm_mode"
1,91,TRUE,37,0.0155373153684439,0.0321200220460756,1e-04,"case_norm_mode"
2,36,TRUE,37,0.0155373153684439,0.0321200220460756,1e-04,"case_norm_mode"
3,20,TRUE,37,0.0155373153684439,0.0321200220460756,1e-04,"case_norm_mode"
4,27,TRUE,37,0.0155373153684439,0.0321200220460756,1e-04,"case_norm_mode"
5,29,TRUE,37,0.0155373153684439,0.0321200220460756,1e-04,"case_norm_mode"
6,32,TRUE,37,0.0155373153684439,0.0321200220460756,1e-04,"case_norm_mode"
7,32,TRUE,37,0.0155373153684439,0.0321200220460756,1e-04,"case_norm_mode"
8,32,TRUE,37,0.0155373153684439,0.0321200220460756,1e-04,"case_norm_mode"
9,57,TRUE,37,0.0155373153684439,0.0321200220460756,1e-04,"case_norm_mode"
10,1,TRUE,37,0.0155373153684439,0.0321200220460756,1e-04,"case_norm_mode"
11,1,TRUE,37,0.0155373153684439,0.0321200220460756,1e-04,"case_norm_mode"
12,1,TRUE,37,0.0155373153684439,0.0321200220460756,1e-04,"case_norm_mode"
13,1,TRUE,37,0.0155373153684439,0.0321200220460756,1e-04,"case_norm_mode"
14,19,TRUE,37,0.0155373153684439,0.0321200220460756,1e-04,"case_norm_mode"
15,24,TRUE,37,0.0155373153684439,0.0321200220460756,1e-04,"case_norm_mode"
16,25,TRUE,37,0.0155373153684439,0.0321200220460756,1e-04,"case_norm_mode"
17,42,TRUE,37,0.0155373153684439,0.0321200220460756,1e-04,"case_norm_mode"
18,17,TRUE,37,0.0155373153684439,0.0321200220460756,1e-04,"case_norm_mode"
19,42,TRUE,37,0.0155373153684439,0.0321200220460756,1e-04,"case_norm_mode"
20,36,TRUE,37,0.0155373153684439,0.0321200220460756,1e-04,"case_norm_mode"
21,25,TRUE,37,0.0155373153684439,0.0321200220460756,1e-04,"case_norm_mode"
22,1,TRUE,37,0.0155373153684439,0.0321200220460756,1e-04,"case_norm_mode"
23,36,TRUE,37,0.0155373153684439,0.0321200220460756,1e-04,"case_norm_mode"
1,99,TRUE,38,0.0132916645058849,0.0274776270439327,1e-04,"case_norm_mode"
2,36,TRUE,38,0.0132916645058849,0.0274776270439327,1e-04,"case_norm_mode"
3,19,TRUE,38,0.0132916645058849,0.0274776270439327,1e-04,"case_norm_mode"
4,25,TRUE,38,0.0132916645058849,0.0274776270439327,1e-04,"case_norm_mode"
5,19,TRUE,38,0.0132916645058849,0.0274776270439327,1e-04,"case_norm_mode"
6,9,TRUE,38,0.0132916645058849,0.0274776270439327,1e-04,"case_norm_mode"
7,9,TRUE,38,0.0132916645058849,0.0274776270439327,1e-04,"case_norm_mode"
8,10,TRUE,38,0.0132916645058849,0.0274776270439327,1e-04,"case_norm_mode"
9,11,TRUE,38,0.0132916645058849,0.0274776270439327,1e-04,"case_norm_mode"
10,12,TRUE,38,0.0132916645058849,0.0274776270439327,1e-04,"case_norm_mode"
11,12,TRUE,38,0.0132916645058849,0.0274776270439327,1e-04,"case_norm_mode"
12,14,TRUE,38,0.0132916645058849,0.0274776270439327,1e-04,"case_norm_mode"
13,14,TRUE,38,0.0132916645058849,0.0274776270439327,1e-04,"case_norm_mode"
14,15,TRUE,38,0.0132916645058849,0.0274776270439327,1e-04,"case_norm_mode"
15,15,TRUE,38,0.0132916645058849,0.0274776270439327,1e-04,"case_norm_mode"
16,42,TRUE,38,0.0132916645058849,0.0274776270439327,1e-04,"case_norm_mode"
17,18,TRUE,38,0.0132916645058849,0.0274776270439327,1e-04,"case_norm_mode"
18,43,TRUE,38,0.0132916645058849,0.0274776270439327,1e-04,"case_norm_mode"
19,36,TRUE,38,0.0132916645058849,0.0274776270439327,1e-04,"case_norm_mode"
20,24,TRUE,38,0.0132916645058849,0.0274776270439327,1e-04,"case_norm_mode"
21,41,TRUE,38,0.0132916645058849,0.0274776270439327,1e-04,"case_norm_mode"
22,16,TRUE,38,0.0132916645058849,0.0274776270439327,1e-04,"case_norm_mode"
23,42,TRUE,38,0.0132916645058849,0.0274776270439327,1e-04,"case_norm_mode"
24,38,TRUE,38,0.0132916645058849,0.0274776270439327,1e-04,"case_norm_mode"
25,58,TRUE,38,0.0132916645058849,0.0274776270439327,1e-04,"case_norm_mode"
1,102,TRUE,39,0.0113705837300447,0.0235062101415248,1e-04,"case_norm_mode"
2,35,TRUE,39,0.0113705837300447,0.0235062101415248,1e-04,"case_norm_mode"
3,19,TRUE,39,0.0113705837300447,0.0235062101415248,1e-04,"case_norm_mode"
4,30,TRUE,39,0.0113705837300447,0.0235062101415248,1e-04,"case_norm_mode"
5,33,TRUE,39,0.0113705837300447,0.0235062101415248,1e-04,"case_norm_mode"
6,33,TRUE,39,0.0113705837300447,0.0235062101415248,1e-04,"case_norm_mode"
7,56,TRUE,39,0.0113705837300447,0.0235062101415248,1e-04,"case_norm_mode"
8,12,TRUE,39,0.0113705837300447,0.0235062101415248,1e-04,"case_norm_mode"
9,15,TRUE,39,0.0113705837300447,0.0235062101415248,1e-04,"case_norm_mode"
10,16,TRUE,39,0.0113705837300447,0.0235062101415248,1e-04,"case_norm_mode"
11,42,TRUE,39,0.0113705837300447,0.0235062101415248,1e-04,"case_norm_mode"
12,37,TRUE,39,0.0113705837300447,0.0235062101415248,1e-04,"case_norm_mode"
13,24,TRUE,39,0.0113705837300447,0.0235062101415248,1e-04,"case_norm_mode"
14,24,TRUE,39,0.0113705837300447,0.0235062101415248,1e-04,"case_norm_mode"
15,24,TRUE,39,0.0113705837300447,0.0235062101415248,1e-04,"case_norm_mode"
16,42,TRUE,39,0.0113705837300447,0.0235062101415248,1e-04,"case_norm_mode"
17,35,TRUE,39,0.0113705837300447,0.0235062101415248,1e-04,"case_norm_mode"
18,34,TRUE,39,0.0113705837300447,0.0235062101415248,1e-04,"case_norm_mode"
19,25,TRUE,39,0.0113705837300447,0.0235062101415248,1e-04,"case_norm_mode"
20,15,TRUE,39,0.0113705837300447,0.0235062101415248,1e-04,"case_norm_mode"
21,1,TRUE,39,0.0113705837300447,0.0235062101415248,1e-04,"case_norm_mode"
22,1,TRUE,39,0.0113705837300447,0.0235062101415248,1e-04,"case_norm_mode"
1,106,TRUE,40,0.00972716203487634,0.0201087930312938,1e-04,"case_norm_mode"
2,33,TRUE,40,0.00972716203487634,0.0201087930312938,1e-04,"case_norm_mode"
3,17,TRUE,40,0.00972716203487634,0.0201087930312938,1e-04,"case_norm_mode"
4,29,TRUE,40,0.00972716203487634,0.0201087930312938,1e-04,"case_norm_mode"
5,33,TRUE,40,0.00972716203487634,0.0201087930312938,1e-04,"case_norm_mode"
6,34,TRUE,40,0.00972716203487634,0.0201087930312938,1e-04,"case_norm_mode"
7,34,TRUE,40,0.00972716203487634,0.0201087930312938,1e-04,"case_norm_mode"
8,56,TRUE,40,0.00972716203487634,0.0201087930312938,1e-04,"case_norm_mode"
9,30,TRUE,40,0.00972716203487634,0.0201087930312938,1e-04,"case_norm_mode"
10,34,TRUE,40,0.00972716203487634,0.0201087930312938,1e-04,"case_norm_mode"
11,36,TRUE,40,0.00972716203487634,0.0201087930312938,1e-04,"case_norm_mode"
12,35,TRUE,40,0.00972716203487634,0.0201087930312938,1e-04,"case_norm_mode"
13,58,TRUE,40,0.00972716203487634,0.0201087930312938,1e-04,"case_norm_mode"
14,29,TRUE,40,0.00972716203487634,0.0201087930312938,1e-04,"case_norm_mode"
15,35,TRUE,40,0.00972716203487634,0.0201087930312938,1e-04,"case_norm_mode"
16,35,TRUE,40,0.00972716203487634,0.0201087930312938,1e-04,"case_norm_mode"
17,36,TRUE,40,0.00972716203487634,0.0201087930312938,1e-04,"case_norm_mode"
18,35,TRUE,40,0.00972716203487634,0.0201087930312938,1e-04,"case_norm_mode"
19,59,TRUE,40,0.00972716203487634,0.0201087930312938,1e-04,"case_norm_mode"
1,110,TRUE,41,0.00832126859087539,0.0172024139468184,1e-04,"case_norm_mode"
2,33,TRUE,41,0.00832126859087539,0.0172024139468184,1e-04,"case_norm_mode"
3,15,TRUE,41,0.00832126859087539,0.0172024139468184,1e-04,"case_norm_mode"
4,26,TRUE,41,0.00832126859087539,0.0172024139468184,1e-04,"case_norm_mode"
5,31,TRUE,41,0.00832126859087539,0.0172024139468184,1e-04,"case_norm_mode"
6,33,TRUE,41,0.00832126859087539,0.0172024139468184,1e-04,"case_norm_mode"
7,34,TRUE,41,0.00832126859087539,0.0172024139468184,1e-04,"case_norm_mode"
8,34,TRUE,41,0.00832126859087539,0.0172024139468184,1e-04,"case_norm_mode"
9,56,TRUE,41,0.00832126859087539,0.0172024139468184,1e-04,"case_norm_mode"
10,18,TRUE,41,0.00832126859087539,0.0172024139468184,1e-04,"case_norm_mode"
11,24,TRUE,41,0.00832126859087539,0.0172024139468184,1e-04,"case_norm_mode"
12,24,TRUE,41,0.00832126859087539,0.0172024139468184,1e-04,"case_norm_mode"
13,42,TRUE,41,0.00832126859087539,0.0172024139468184,1e-04,"case_norm_mode"
14,16,TRUE,41,0.00832126859087539,0.0172024139468184,1e-04,"case_norm_mode"
15,42,TRUE,41,0.00832126859087539,0.0172024139468184,1e-04,"case_norm_mode"
16,35,TRUE,41,0.00832126859087539,0.0172024139468184,1e-04,"case_norm_mode"
17,24,TRUE,41,0.00832126859087539,0.0172024139468184,1e-04,"case_norm_mode"
18,23,TRUE,41,0.00832126859087539,0.0172024139468184,1e-04,"case_norm_mode"
19,24,TRUE,41,0.00832126859087539,0.0172024139468184,1e-04,"case_norm_mode"
20,24,TRUE,41,0.00832126859087539,0.0172024139468184,1e-04,"case_norm_mode"
21,25,TRUE,41,0.00832126859087539,0.0172024139468184,1e-04,"case_norm_mode"
22,24,TRUE,41,0.00832126859087539,0.0172024139468184,1e-04,"case_norm_mode"
23,24,TRUE,41,0.00832126859087539,0.0172024139468184,1e-04,"case_norm_mode"
24,24,TRUE,41,0.00832126859087539,0.0172024139468184,1e-04,"case_norm_mode"
25,24,TRUE,41,0.00832126859087539,0.0172024139468184,1e-04,"case_norm_mode"
26,24,TRUE,41,0.00832126859087539,0.0172024139468184,1e-04,"case_norm_mode"
27,25,TRUE,41,0.00832126859087539,0.0172024139468184,1e-04,"case_norm_mode"
28,24,TRUE,41,0.00832126859087539,0.0172024139468184,1e-04,"case_norm_mode"
29,42,TRUE,41,0.00832126859087539,0.0172024139468184,1e-04,"case_norm_mode"
1,95,TRUE,42,0.0071185727875427,0.0147161018136279,1e-04,"case_norm_mode"
2,47,TRUE,42,0.0071185727875427,0.0147161018136279,1e-04,"case_norm_mode"
3,90,TRUE,42,0.0071185727875427,0.0147161018136279,1e-04,"case_norm_mode"
4,21,TRUE,42,0.0071185727875427,0.0147161018136279,1e-04,"case_norm_mode"
5,25,TRUE,42,0.0071185727875427,0.0147161018136279,1e-04,"case_norm_mode"
6,30,TRUE,42,0.0071185727875427,0.0147161018136279,1e-04,"case_norm_mode"
7,35,TRUE,42,0.0071185727875427,0.0147161018136279,1e-04,"case_norm_mode"
8,22,TRUE,42,0.0071185727875427,0.0147161018136279,1e-04,"case_norm_mode"
9,23,TRUE,42,0.0071185727875427,0.0147161018136279,1e-04,"case_norm_mode"
10,15,TRUE,42,0.0071185727875427,0.0147161018136279,1e-04,"case_norm_mode"
11,15,TRUE,42,0.0071185727875427,0.0147161018136279,1e-04,"case_norm_mode"
12,15,TRUE,42,0.0071185727875427,0.0147161018136279,1e-04,"case_norm_mode"
13,16,TRUE,42,0.0071185727875427,0.0147161018136279,1e-04,"case_norm_mode"
14,15,TRUE,42,0.0071185727875427,0.0147161018136279,1e-04,"case_norm_mode"
15,16,TRUE,42,0.0071185727875427,0.0147161018136279,1e-04,"case_norm_mode"
16,15,TRUE,42,0.0071185727875427,0.0147161018136279,1e-04,"case_norm_mode"
17,16,TRUE,42,0.0071185727875427,0.0147161018136279,1e-04,"case_norm_mode"
18,15,TRUE,42,0.0071185727875427,0.0147161018136279,1e-04,"case_norm_mode"
19,16,TRUE,42,0.0071185727875427,0.0147161018136279,1e-04,"case_norm_mode"
20,42,TRUE,42,0.0071185727875427,0.0147161018136279,1e-04,"case_norm_mode"
21,19,TRUE,42,0.0071185727875427,0.0147161018136279,1e-04,"case_norm_mode"
22,39,TRUE,42,0.0071185727875427,0.0147161018136279,1e-04,"case_norm_mode"
23,34,TRUE,42,0.0071185727875427,0.0147161018136279,1e-04,"case_norm_mode"
24,25,TRUE,42,0.0071185727875427,0.0147161018136279,1e-04,"case_norm_mode"
25,14,TRUE,42,0.0071185727875427,0.0147161018136279,1e-04,"case_norm_mode"
26,15,TRUE,42,0.0071185727875427,0.0147161018136279,1e-04,"case_norm_mode"
27,16,TRUE,42,0.0071185727875427,0.0147161018136279,1e-04,"case_norm_mode"
28,16,TRUE,42,0.0071185727875427,0.0147161018136279,1e-04,"case_norm_mode"
29,15,TRUE,42,0.0071185727875427,0.0147161018136279,1e-04,"case_norm_mode"
30,16,TRUE,42,0.0071185727875427,0.0147161018136279,1e-04,"case_norm_mode"
31,16,TRUE,42,0.0071185727875427,0.0147161018136279,1e-04,"case_norm_mode"
32,43,TRUE,42,0.0071185727875427,0.0147161018136279,1e-04,"case_norm_mode"
33,48,TRUE,42,0.0071185727875427,0.0147161018136279,1e-04,"case_norm_mode"
34,42,TRUE,42,0.0071185727875427,0.0147161018136279,1e-04,"case_norm_mode"
35,32,TRUE,42,0.0071185727875427,0.0147161018136279,1e-04,"case_norm_mode"
36,24,TRUE,42,0.0071185727875427,0.0147161018136279,1e-04,"case_norm_mode"
37,1,TRUE,42,0.0071185727875427,0.0147161018136279,1e-04,"case_norm_mode"
38,331,TRUE,42,0.0071185727875427,0.0147161018136279,1e-04,"case_norm_mode"
1,100,TRUE,43,0.00608970591180167,0.0125891432015631,1e-04,"case_norm_mode"
2,43,TRUE,43,0.00608970591180167,0.0125891432015631,1e-04,"case_norm_mode"
3,68,TRUE,43,0.00608970591180167,0.0125891432015631,1e-04,"case_norm_mode"
4,66,TRUE,43,0.00608970591180167,0.0125891432015631,1e-04,"case_norm_mode"
5,74,TRUE,43,0.00608970591180167,0.0125891432015631,1e-04,"case_norm_mode"
6,27,TRUE,43,0.00608970591180167,0.0125891432015631,1e-04,"case_norm_mode"
7,75,TRUE,43,0.00608970591180167,0.0125891432015631,1e-04,"case_norm_mode"
8,64,TRUE,43,0.00608970591180167,0.0125891432015631,1e-04,"case_norm_mode"
9,68,TRUE,43,0.00608970591180167,0.0125891432015631,1e-04,"case_norm_mode"
10,188,TRUE,43,0.00608970591180167,0.0125891432015631,1e-04,"case_norm_mode"
11,53,TRUE,43,0.00608970591180167,0.0125891432015631,1e-04,"case_norm_mode"
1,83,TRUE,44,0.00520954399133618,0.0107695997592715,1e-04,"case_norm_mode"
2,40,TRUE,44,0.00520954399133618,0.0107695997592715,1e-04,"case_norm_mode"
3,68,TRUE,44,0.00520954399133618,0.0107695997592715,1e-04,"case_norm_mode"
4,21,TRUE,44,0.00520954399133618,0.0107695997592715,1e-04,"case_norm_mode"
5,31,TRUE,44,0.00520954399133618,0.0107695997592715,1e-04,"case_norm_mode"
6,32,TRUE,44,0.00520954399133618,0.0107695997592715,1e-04,"case_norm_mode"
7,35,TRUE,44,0.00520954399133618,0.0107695997592715,1e-04,"case_norm_mode"
8,34,TRUE,44,0.00520954399133618,0.0107695997592715,1e-04,"case_norm_mode"
9,34,TRUE,44,0.00520954399133618,0.0107695997592715,1e-04,"case_norm_mode"
10,34,TRUE,44,0.00520954399133618,0.0107695997592715,1e-04,"case_norm_mode"
11,34,TRUE,44,0.00520954399133618,0.0107695997592715,1e-04,"case_norm_mode"
12,34,TRUE,44,0.00520954399133618,0.0107695997592715,1e-04,"case_norm_mode"
13,57,TRUE,44,0.00520954399133618,0.0107695997592715,1e-04,"case_norm_mode"
14,29,TRUE,44,0.00520954399133618,0.0107695997592715,1e-04,"case_norm_mode"
15,34,TRUE,44,0.00520954399133618,0.0107695997592715,1e-04,"case_norm_mode"
16,33,TRUE,44,0.00520954399133618,0.0107695997592715,1e-04,"case_norm_mode"
17,34,TRUE,44,0.00520954399133618,0.0107695997592715,1e-04,"case_norm_mode"
18,35,TRUE,44,0.00520954399133618,0.0107695997592715,1e-04,"case_norm_mode"
19,34,TRUE,44,0.00520954399133618,0.0107695997592715,1e-04,"case_norm_mode"
20,58,TRUE,44,0.00520954399133618,0.0107695997592715,1e-04,"case_norm_mode"
21,30,TRUE,44,0.00520954399133618,0.0107695997592715,1e-04,"case_norm_mode"
22,23,TRUE,44,0.00520954399133618,0.0107695997592715,1e-04,"case_norm_mode"
23,24,TRUE,44,0.00520954399133618,0.0107695997592715,1e-04,"case_norm_mode"
24,24,TRUE,44,0.00520954399133618,0.0107695997592715,1e-04,"case_norm_mode"
25,24,TRUE,44,0.00520954399133618,0.0107695997592715,1e-04,"case_norm_mode"
26,24,TRUE,44,0.00520954399133618,0.0107695997592715,1e-04,"case_norm_mode"
27,24,TRUE,44,0.00520954399133618,0.0107695997592715,1e-04,"case_norm_mode"
28,24,TRUE,44,0.00520954399133618,0.0107695997592715,1e-04,"case_norm_mode"
29,24,TRUE,44,0.00520954399133618,0.0107695997592715,1e-04,"case_norm_mode"
30,24,TRUE,44,0.00520954399133618,0.0107695997592715,1e-04,"case_norm_mode"
31,24,TRUE,44,0.00520954399133618,0.0107695997592715,1e-04,"case_norm_mode"
32,25,TRUE,44,0.00520954399133618,0.0107695997592715,1e-04,"case_norm_mode"
33,24,TRUE,44,0.00520954399133618,0.0107695997592715,1e-04,"case_norm_mode"
34,41,TRUE,44,0.00520954399133618,0.0107695997592715,1e-04,"case_norm_mode"
1,83,TRUE,45,0.00445659429055048,0.00921303992796748,1e-04,"case_norm_mode"
2,38,TRUE,45,0.00445659429055048,0.00921303992796748,1e-04,"case_norm_mode"
3,66,TRUE,45,0.00445659429055048,0.00921303992796748,1e-04,"case_norm_mode"
4,67,TRUE,45,0.00445659429055048,0.00921303992796748,1e-04,"case_norm_mode"
5,41,TRUE,45,0.00445659429055048,0.00921303992796748,1e-04,"case_norm_mode"
6,77,TRUE,45,0.00445659429055048,0.00921303992796748,1e-04,"case_norm_mode"
7,30,TRUE,45,0.00445659429055048,0.00921303992796748,1e-04,"case_norm_mode"
8,76,TRUE,45,0.00445659429055048,0.00921303992796748,1e-04,"case_norm_mode"
9,111,TRUE,45,0.00445659429055048,0.00921303992796748,1e-04,"case_norm_mode"
10,76,TRUE,45,0.00445659429055048,0.00921303992796748,1e-04,"case_norm_mode"
11,45,TRUE,45,0.00445659429055048,0.00921303992796748,1e-04,"case_norm_mode"
12,32,TRUE,45,0.00445659429055048,0.00921303992796748,1e-04,"case_norm_mode"
13,19,TRUE,45,0.00445659429055048,0.00921303992796748,1e-04,"case_norm_mode"
14,22,TRUE,45,0.00445659429055048,0.00921303992796748,1e-04,"case_norm_mode"
15,56,TRUE,45,0.00445659429055048,0.00921303992796748,1e-04,"case_norm_mode"
1,84,TRUE,46,0.0038124704779531,0.00788145396408534,1e-04,"case_norm_mode"
2,37,TRUE,46,0.0038124704779531,0.00788145396408534,1e-04,"case_norm_mode"
3,65,TRUE,46,0.0038124704779531,0.00788145396408534,1e-04,"case_norm_mode"
4,65,TRUE,46,0.0038124704779531,0.00788145396408534,1e-04,"case_norm_mode"
5,41,TRUE,46,0.0038124704779531,0.00788145396408534,1e-04,"case_norm_mode"
6,76,TRUE,46,0.0038124704779531,0.00788145396408534,1e-04,"case_norm_mode"
7,29,TRUE,46,0.0038124704779531,0.00788145396408534,1e-04,"case_norm_mode"
8,77,TRUE,46,0.0038124704779531,0.00788145396408534,1e-04,"case_norm_mode"
9,112,TRUE,46,0.0038124704779531,0.00788145396408534,1e-04,"case_norm_mode"
10,74,TRUE,46,0.0038124704779531,0.00788145396408534,1e-04,"case_norm_mode"
11,46,TRUE,46,0.0038124704779531,0.00788145396408534,1e-04,"case_norm_mode"
12,50,TRUE,46,0.0038124704779531,0.00788145396408534,1e-04,"case_norm_mode"
13,31,TRUE,46,0.0038124704779531,0.00788145396408534,1e-04,"case_norm_mode"
1,80,TRUE,47,0.00326144364904004,0.00674232577668861,1e-04,"case_norm_mode"
2,33,TRUE,47,0.00326144364904004,0.00674232577668861,1e-04,"case_norm_mode"
3,60,TRUE,47,0.00326144364904004,0.00674232577668861,1e-04,"case_norm_mode"
4,105,TRUE,47,0.00326144364904004,0.00674232577668861,1e-04,"case_norm_mode"
5,42,TRUE,47,0.00326144364904004,0.00674232577668861,1e-04,"case_norm_mode"
6,1,TRUE,47,0.00326144364904004,0.00674232577668861,1e-04,"case_norm_mode"
7,19,TRUE,47,0.00326144364904004,0.00674232577668861,1e-04,"case_norm_mode"
8,1,TRUE,47,0.00326144364904004,0.00674232577668861,1e-04,"case_norm_mode"
9,11,TRUE,47,0.00326144364904004,0.00674232577668861,1e-04,"case_norm_mode"
10,1,TRUE,47,0.00326144364904004,0.00674232577668861,1e-04,"case_norm_mode"
11,14,TRUE,47,0.00326144364904004,0.00674232577668861,1e-04,"case_norm_mode"
12,16,TRUE,47,0.00326144364904004,0.00674232577668861,1e-04,"case_norm_mode"
13,24,TRUE,47,0.00326144364904004,0.00674232577668861,1e-04,"case_norm_mode"
14,23,TRUE,47,0.00326144364904004,0.00674232577668861,1e-04,"case_norm_mode"
15,25,TRUE,47,0.00326144364904004,0.00674232577668861,1e-04,"case_norm_mode"
16,23,TRUE,47,0.00326144364904004,0.00674232577668861,1e-04,"case_norm_mode"
17,24,TRUE,47,0.00326144364904004,0.00674232577668861,1e-04,"case_norm_mode"
18,24,TRUE,47,0.00326144364904004,0.00674232577668861,1e-04,"case_norm_mode"
19,24,TRUE,47,0.00326144364904004,0.00674232577668861,1e-04,"case_norm_mode"
20,40,TRUE,47,0.00326144364904004,0.00674232577668861,1e-04,"case_norm_mode"
21,50,TRUE,47,0.00326144364904004,0.00674232577668861,1e-04,"case_norm_mode"
22,49,TRUE,47,0.00326144364904004,0.00674232577668861,1e-04,"case_norm_mode"
23,36,TRUE,47,0.00326144364904004,0.00674232577668861,1e-04,"case_norm_mode"
1,80,TRUE,48,0.00279005824107379,0.00576783891476746,1e-04,"case_norm_mode"
2,30,TRUE,48,0.00279005824107379,0.00576783891476746,1e-04,"case_norm_mode"
3,57,TRUE,48,0.00279005824107379,0.00576783891476746,1e-04,"case_norm_mode"
4,98,TRUE,48,0.00279005824107379,0.00576783891476746,1e-04,"case_norm_mode"
5,54,TRUE,48,0.00279005824107379,0.00576783891476746,1e-04,"case_norm_mode"
6,24,TRUE,48,0.00279005824107379,0.00576783891476746,1e-04,"case_norm_mode"
7,51,TRUE,48,0.00279005824107379,0.00576783891476746,1e-04,"case_norm_mode"
8,68,TRUE,48,0.00279005824107379,0.00576783891476746,1e-04,"case_norm_mode"
9,39,TRUE,48,0.00279005824107379,0.00576783891476746,1e-04,"case_norm_mode"
10,29,TRUE,48,0.00279005824107379,0.00576783891476746,1e-04,"case_norm_mode"
11,54,TRUE,48,0.00279005824107379,0.00576783891476746,1e-04,"case_norm_mode"
1,79,TRUE,49,0.00238680346075426,0.00493419731537282,1e-04,"case_norm_mode"
2,27,TRUE,49,0.00238680346075426,0.00493419731537282,1e-04,"case_norm_mode"
3,49,TRUE,49,0.00238680346075426,0.00493419731537282,1e-04,"case_norm_mode"
4,58,TRUE,49,0.00238680346075426,0.00493419731537282,1e-04,"case_norm_mode"
5,114,TRUE,49,0.00238680346075426,0.00493419731537282,1e-04,"case_norm_mode"
6,27,TRUE,49,0.00238680346075426,0.00493419731537282,1e-04,"case_norm_mode"
7,1,TRUE,49,0.00238680346075426,0.00493419731537282,1e-04,"case_norm_mode"
8,11,TRUE,49,0.00238680346075426,0.00493419731537282,1e-04,"case_norm_mode"
9,15,TRUE,49,0.00238680346075426,0.00493419731537282,1e-04,"case_norm_mode"
10,17,TRUE,49,0.00238680346075426,0.00493419731537282,1e-04,"case_norm_mode"
11,16,TRUE,49,0.00238680346075426,0.00493419731537282,1e-04,"case_norm_mode"
12,17,TRUE,49,0.00238680346075426,0.00493419731537282,1e-04,"case_norm_mode"
13,16,TRUE,49,0.00238680346075426,0.00493419731537282,1e-04,"case_norm_mode"
14,17,TRUE,49,0.00238680346075426,0.00493419731537282,1e-04,"case_norm_mode"
15,16,TRUE,49,0.00238680346075426,0.00493419731537282,1e-04,"case_norm_mode"
16,17,TRUE,49,0.00238680346075426,0.00493419731537282,1e-04,"case_norm_mode"
17,40,TRUE,49,0.00238680346075426,0.00493419731537282,1e-04,"case_norm_mode"
18,44,TRUE,49,0.00238680346075426,0.00493419731537282,1e-04,"case_norm_mode"
19,35,TRUE,49,0.00238680346075426,0.00493419731537282,1e-04,"case_norm_mode"
20,1,TRUE,49,0.00238680346075426,0.00493419731537282,1e-04,"case_norm_mode"
21,316,TRUE,49,0.00238680346075426,0.00493419731537282,1e-04,"case_norm_mode"
1,68,TRUE,50,0.00204183220135076,0.00422104422588818,1e-04,"case_norm_mode"
2,26,TRUE,50,0.00204183220135076,0.00422104422588818,1e-04,"case_norm_mode"
3,52,TRUE,50,0.00204183220135076,0.00422104422588818,1e-04,"case_norm_mode"
4,52,TRUE,50,0.00204183220135076,0.00422104422588818,1e-04,"case_norm_mode"
5,48,TRUE,50,0.00204183220135076,0.00422104422588818,1e-04,"case_norm_mode"
6,42,TRUE,50,0.00204183220135076,0.00422104422588818,1e-04,"case_norm_mode"
7,47,TRUE,50,0.00204183220135076,0.00422104422588818,1e-04,"case_norm_mode"
8,33,TRUE,50,0.00204183220135076,0.00422104422588818,1e-04,"case_norm_mode"
9,16,TRUE,50,0.00204183220135076,0.00422104422588818,1e-04,"case_norm_mode"
10,1,TRUE,50,0.00204183220135076,0.00422104422588818,1e-04,"case_norm_mode"
11,36,TRUE,50,0.00204183220135076,0.00422104422588818,1e-04,"case_norm_mode"
12,50,TRUE,50,0.00204183220135076,0.00422104422588818,1e-04,"case_norm_mode"
13,42,TRUE,50,0.00204183220135076,0.00422104422588818,1e-04,"case_norm_mode"
14,34,TRUE,50,0.00204183220135076,0.00422104422588818,1e-04,"case_norm_mode"
15,18,TRUE,50,0.00204183220135076,0.00422104422588818,1e-04,"case_norm_mode"
16,1,TRUE,50,0.00204183220135076,0.00422104422588818,1e-04,"case_norm_mode"
17,14,TRUE,50,0.00204183220135076,0.00422104422588818,1e-04,"case_norm_mode"
18,16,TRUE,50,0.00204183220135076,0.00422104422588818,1e-04,"case_norm_mode"
19,17,TRUE,50,0.00204183220135076,0.00422104422588818,1e-04,"case_norm_mode"
20,16,TRUE,50,0.00204183220135076,0.00422104422588818,1e-04,"case_norm_mode"
21,17,TRUE,50,0.00204183220135076,0.00422104422588818,1e-04,"case_norm_mode"
22,16,TRUE,50,0.00204183220135076,0.00422104422588818,1e-04,"case_norm_mode"
23,17,TRUE,50,0.00204183220135076,0.00422104422588818,1e-04,"case_norm_mode"
24,16,TRUE,50,0.00204183220135076,0.00422104422588818,1e-04,"case_norm_mode"
25,17,TRUE,50,0.00204183220135076,0.00422104422588818,1e-04,"case_norm_mode"
26,17,TRUE,50,0.00204183220135076,0.00422104422588818,1e-04,"case_norm_mode"
27,16,TRUE,50,0.00204183220135076,0.00422104422588818,1e-04,"case_norm_mode"
28,17,TRUE,50,0.00204183220135076,0.00422104422588818,1e-04,"case_norm_mode"
29,16,TRUE,50,0.00204183220135076,0.00422104422588818,1e-04,"case_norm_mode"
30,17,TRUE,50,0.00204183220135076,0.00422104422588818,1e-04,"case_norm_mode"
31,39,TRUE,50,0.00204183220135076,0.00422104422588818,1e-04,"case_norm_mode"
1,78,TRUE,51,0.0017467205855129,0.00361096511106137,1e-04,"case_norm_mode"
2,24,TRUE,51,0.0017467205855129,0.00361096511106137,1e-04,"case_norm_mode"
3,51,TRUE,51,0.0017467205855129,0.00361096511106137,1e-04,"case_norm_mode"
4,51,TRUE,51,0.0017467205855129,0.00361096511106137,1e-04,"case_norm_mode"
5,52,TRUE,51,0.0017467205855129,0.00361096511106137,1e-04,"case_norm_mode"
6,42,TRUE,51,0.0017467205855129,0.00361096511106137,1e-04,"case_norm_mode"
7,46,TRUE,51,0.0017467205855129,0.00361096511106137,1e-04,"case_norm_mode"
8,30,TRUE,51,0.0017467205855129,0.00361096511106137,1e-04,"case_norm_mode"
9,52,TRUE,51,0.0017467205855129,0.00361096511106137,1e-04,"case_norm_mode"
10,58,TRUE,51,0.0017467205855129,0.00361096511106137,1e-04,"case_norm_mode"
11,49,TRUE,51,0.0017467205855129,0.00361096511106137,1e-04,"case_norm_mode"
12,34,TRUE,51,0.0017467205855129,0.00361096511106137,1e-04,"case_norm_mode"
13,71,TRUE,51,0.0017467205855129,0.00361096511106137,1e-04,"case_norm_mode"
1,77,TRUE,52,0.00149426226201944,0.00308906240624825,1e-04,"case_norm_mode"
2,23,TRUE,52,0.00149426226201944,0.00308906240624825,1e-04,"case_norm_mode"
3,46,TRUE,52,0.00149426226201944,0.00308906240624825,1e-04,"case_norm_mode"
4,49,TRUE,52,0.00149426226201944,0.00308906240624825,1e-04,"case_norm_mode"
5,11,TRUE,52,0.00149426226201944,0.00308906240624825,1e-04,"case_norm_mode"
6,18,TRUE,52,0.00149426226201944,0.00308906240624825,1e-04,"case_norm_mode"
7,16,TRUE,52,0.00149426226201944,0.00308906240624825,1e-04,"case_norm_mode"
8,16,TRUE,52,0.00149426226201944,0.00308906240624825,1e-04,"case_norm_mode"
9,16,TRUE,52,0.00149426226201944,0.00308906240624825,1e-04,"case_norm_mode"
10,16,TRUE,52,0.00149426226201944,0.00308906240624825,1e-04,"case_norm_mode"
11,17,TRUE,52,0.00149426226201944,0.00308906240624825,1e-04,"case_norm_mode"
12,38,TRUE,52,0.00149426226201944,0.00308906240624825,1e-04,"case_norm_mode"
13,43,TRUE,52,0.00149426226201944,0.00308906240624825,1e-04,"case_norm_mode"
14,47,TRUE,52,0.00149426226201944,0.00308906240624825,1e-04,"case_norm_mode"
15,47,TRUE,52,0.00149426226201944,0.00308906240624825,1e-04,"case_norm_mode"
16,97,TRUE,52,0.00149426226201944,0.00308906240624825,1e-04,"case_norm_mode"
17,41,TRUE,52,0.00149426226201944,0.00308906240624825,1e-04,"case_norm_mode"
18,30,TRUE,52,0.00149426226201944,0.00308906240624825,1e-04,"case_norm_mode"
1,76,TRUE,53,0.00127829243338299,0.00264259173273804,1e-04,"case_norm_mode"
2,20,TRUE,53,0.00127829243338299,0.00264259173273804,1e-04,"case_norm_mode"
3,40,TRUE,53,0.00127829243338299,0.00264259173273804,1e-04,"case_norm_mode"
4,33,TRUE,53,0.00127829243338299,0.00264259173273804,1e-04,"case_norm_mode"
5,27,TRUE,53,0.00127829243338299,0.00264259173273804,1e-04,"case_norm_mode"
6,20,TRUE,53,0.00127829243338299,0.00264259173273804,1e-04,"case_norm_mode"
7,11,TRUE,53,0.00127829243338299,0.00264259173273804,1e-04,"case_norm_mode"
8,13,TRUE,53,0.00127829243338299,0.00264259173273804,1e-04,"case_norm_mode"
9,14,TRUE,53,0.00127829243338299,0.00264259173273804,1e-04,"case_norm_mode"
10,15,TRUE,53,0.00127829243338299,0.00264259173273804,1e-04,"case_norm_mode"
11,36,TRUE,53,0.00127829243338299,0.00264259173273804,1e-04,"case_norm_mode"
12,42,TRUE,53,0.00127829243338299,0.00264259173273804,1e-04,"case_norm_mode"
13,34,TRUE,53,0.00127829243338299,0.00264259173273804,1e-04,"case_norm_mode"
14,1,TRUE,53,0.00127829243338299,0.00264259173273804,1e-04,"case_norm_mode"
15,46,TRUE,53,0.00127829243338299,0.00264259173273804,1e-04,"case_norm_mode"
16,49,TRUE,53,0.00127829243338299,0.00264259173273804,1e-04,"case_norm_mode"
17,54,TRUE,53,0.00127829243338299,0.00264259173273804,1e-04,"case_norm_mode"
18,54,TRUE,53,0.00127829243338299,0.00264259173273804,1e-04,"case_norm_mode"
19,56,TRUE,53,0.00127829243338299,0.00264259173273804,1e-04,"case_norm_mode"
20,55,TRUE,53,0.00127829243338299,0.00264259173273804,1e-04,"case_norm_mode"
21,55,TRUE,53,0.00127829243338299,0.00264259173273804,1e-04,"case_norm_mode"
22,100,TRUE,53,0.00127829243338299,0.00264259173273804,1e-04,"case_norm_mode"
1,74,TRUE,54,0.00109353731722829,0.0022606506918767,1e-04,"case_norm_mode"
2,18,TRUE,54,0.00109353731722829,0.0022606506918767,1e-04,"case_norm_mode"
3,35,TRUE,54,0.00109353731722829,0.0022606506918767,1e-04,"case_norm_mode"
4,52,TRUE,54,0.00109353731722829,0.0022606506918767,1e-04,"case_norm_mode"
5,79,TRUE,54,0.00109353731722829,0.0022606506918767,1e-04,"case_norm_mode"
6,68,TRUE,54,0.00109353731722829,0.0022606506918767,1e-04,"case_norm_mode"
7,28,TRUE,54,0.00109353731722829,0.0022606506918767,1e-04,"case_norm_mode"
8,18,TRUE,54,0.00109353731722829,0.0022606506918767,1e-04,"case_norm_mode"
9,16,TRUE,54,0.00109353731722829,0.0022606506918767,1e-04,"case_norm_mode"
10,16,TRUE,54,0.00109353731722829,0.0022606506918767,1e-04,"case_norm_mode"
11,16,TRUE,54,0.00109353731722829,0.0022606506918767,1e-04,"case_norm_mode"
12,16,TRUE,54,0.00109353731722829,0.0022606506918767,1e-04,"case_norm_mode"
13,17,TRUE,54,0.00109353731722829,0.0022606506918767,1e-04,"case_norm_mode"
14,38,TRUE,54,0.00109353731722829,0.0022606506918767,1e-04,"case_norm_mode"
15,55,TRUE,54,0.00109353731722829,0.0022606506918767,1e-04,"case_norm_mode"
16,48,TRUE,54,0.00109353731722829,0.0022606506918767,1e-04,"case_norm_mode"
17,35,TRUE,54,0.00109353731722829,0.0022606506918767,1e-04,"case_norm_mode"
1,72,TRUE,55,0.000935485365430906,0.00193391263863052,1e-04,"case_norm_mode"
2,15,TRUE,55,0.000935485365430906,0.00193391263863052,1e-04,"case_norm_mode"
3,30,TRUE,55,0.000935485365430906,0.00193391263863052,1e-04,"case_norm_mode"
4,48,TRUE,55,0.000935485365430906,0.00193391263863052,1e-04,"case_norm_mode"
5,33,TRUE,55,0.000935485365430906,0.00193391263863052,1e-04,"case_norm_mode"
6,27,TRUE,55,0.000935485365430906,0.00193391263863052,1e-04,"case_norm_mode"
7,49,TRUE,55,0.000935485365430906,0.00193391263863052,1e-04,"case_norm_mode"
8,10,TRUE,55,0.000935485365430906,0.00193391263863052,1e-04,"case_norm_mode"
9,35,TRUE,55,0.000935485365430906,0.00193391263863052,1e-04,"case_norm_mode"
10,32,TRUE,55,0.000935485365430906,0.00193391263863052,1e-04,"case_norm_mode"
11,18,TRUE,55,0.000935485365430906,0.00193391263863052,1e-04,"case_norm_mode"
12,19,TRUE,55,0.000935485365430906,0.00193391263863052,1e-04,"case_norm_mode"
13,20,TRUE,55,0.000935485365430906,0.00193391263863052,1e-04,"case_norm_mode"
14,20,TRUE,55,0.000935485365430906,0.00193391263863052,1e-04,"case_norm_mode"
15,36,TRUE,55,0.000935485365430906,0.00193391263863052,1e-04,"case_norm_mode"
16,35,TRUE,55,0.000935485365430906,0.00193391263863052,1e-04,"case_norm_mode"
17,43,TRUE,55,0.000935485365430906,0.00193391263863052,1e-04,"case_norm_mode"
18,45,TRUE,55,0.000935485365430906,0.00193391263863052,1e-04,"case_norm_mode"
19,47,TRUE,55,0.000935485365430906,0.00193391263863052,1e-04,"case_norm_mode"
20,33,TRUE,55,0.000935485365430906,0.00193391263863052,1e-04,"case_norm_mode"
1,71,TRUE,56,0.000800277096307539,0.00165439893358759,1e-04,"case_norm_mode"
2,13,TRUE,56,0.000800277096307539,0.00165439893358759,1e-04,"case_norm_mode"
3,36,TRUE,56,0.000800277096307539,0.00165439893358759,1e-04,"case_norm_mode"
4,53,TRUE,56,0.000800277096307539,0.00165439893358759,1e-04,"case_norm_mode"
5,35,TRUE,56,0.000800277096307539,0.00165439893358759,1e-04,"case_norm_mode"
6,30,TRUE,56,0.000800277096307539,0.00165439893358759,1e-04,"case_norm_mode"
7,54,TRUE,56,0.000800277096307539,0.00165439893358759,1e-04,"case_norm_mode"
8,43,TRUE,56,0.000800277096307539,0.00165439893358759,1e-04,"case_norm_mode"
9,15,TRUE,56,0.000800277096307539,0.00165439893358759,1e-04,"case_norm_mode"
10,14,TRUE,56,0.000800277096307539,0.00165439893358759,1e-04,"case_norm_mode"
11,42,TRUE,56,0.000800277096307539,0.00165439893358759,1e-04,"case_norm_mode"
12,33,TRUE,56,0.000800277096307539,0.00165439893358759,1e-04,"case_norm_mode"
13,1,TRUE,56,0.000800277096307539,0.00165439893358759,1e-04,"case_norm_mode"
14,20,TRUE,56,0.000800277096307539,0.00165439893358759,1e-04,"case_norm_mode"
15,39,TRUE,56,0.000800277096307539,0.00165439893358759,1e-04,"case_norm_mode"
16,37,TRUE,56,0.000800277096307539,0.00165439893358759,1e-04,"case_norm_mode"
17,46,TRUE,56,0.000800277096307539,0.00165439893358759,1e-04,"case_norm_mode"
18,34,TRUE,56,0.000800277096307539,0.00165439893358759,1e-04,"case_norm_mode"
19,18,TRUE,56,0.000800277096307539,0.00165439893358759,1e-04,"case_norm_mode"
20,23,TRUE,56,0.000800277096307539,0.00165439893358759,1e-04,"case_norm_mode"
21,22,TRUE,56,0.000800277096307539,0.00165439893358759,1e-04,"case_norm_mode"
22,23,TRUE,56,0.000800277096307539,0.00165439893358759,1e-04,"case_norm_mode"
23,23,TRUE,56,0.000800277096307539,0.00165439893358759,1e-04,"case_norm_mode"
24,22,TRUE,56,0.000800277096307539,0.00165439893358759,1e-04,"case_norm_mode"
25,40,TRUE,56,0.000800277096307539,0.00165439893358759,1e-04,"case_norm_mode"
1,69,TRUE,57,0.000684610849662435,0.00141528411200309,1e-04,"case_norm_mode"
2,11,TRUE,57,0.000684610849662435,0.00141528411200309,1e-04,"case_norm_mode"
3,40,TRUE,57,0.000684610849662435,0.00141528411200309,1e-04,"case_norm_mode"
4,33,TRUE,57,0.000684610849662435,0.00141528411200309,1e-04,"case_norm_mode"
5,28,TRUE,57,0.000684610849662435,0.00141528411200309,1e-04,"case_norm_mode"
6,20,TRUE,57,0.000684610849662435,0.00141528411200309,1e-04,"case_norm_mode"
7,13,TRUE,57,0.000684610849662435,0.00141528411200309,1e-04,"case_norm_mode"
8,15,TRUE,57,0.000684610849662435,0.00141528411200309,1e-04,"case_norm_mode"
9,16,TRUE,57,0.000684610849662435,0.00141528411200309,1e-04,"case_norm_mode"
10,16,TRUE,57,0.000684610849662435,0.00141528411200309,1e-04,"case_norm_mode"
11,38,TRUE,57,0.000684610849662435,0.00141528411200309,1e-04,"case_norm_mode"
12,44,TRUE,57,0.000684610849662435,0.00141528411200309,1e-04,"case_norm_mode"
13,35,TRUE,57,0.000684610849662435,0.00141528411200309,1e-04,"case_norm_mode"
14,1,TRUE,57,0.000684610849662435,0.00141528411200309,1e-04,"case_norm_mode"
15,89,TRUE,57,0.000684610849662435,0.00141528411200309,1e-04,"case_norm_mode"
16,39,TRUE,57,0.000684610849662435,0.00141528411200309,1e-04,"case_norm_mode"
1,65,TRUE,58,0.000585662163315752,0.00121072921229753,1e-04,"case_norm_mode"
2,10,TRUE,58,0.000585662163315752,0.00121072921229753,1e-04,"case_norm_mode"
3,41,TRUE,58,0.000585662163315752,0.00121072921229753,1e-04,"case_norm_mode"
4,34,TRUE,58,0.000585662163315752,0.00121072921229753,1e-04,"case_norm_mode"
5,27,TRUE,58,0.000585662163315752,0.00121072921229753,1e-04,"case_norm_mode"
6,19,TRUE,58,0.000585662163315752,0.00121072921229753,1e-04,"case_norm_mode"
7,12,TRUE,58,0.000585662163315752,0.00121072921229753,1e-04,"case_norm_mode"
8,13,TRUE,58,0.000585662163315752,0.00121072921229753,1e-04,"case_norm_mode"
9,14,TRUE,58,0.000585662163315752,0.00121072921229753,1e-04,"case_norm_mode"
10,15,TRUE,58,0.000585662163315752,0.00121072921229753,1e-04,"case_norm_mode"
11,15,TRUE,58,0.000585662163315752,0.00121072921229753,1e-04,"case_norm_mode"
12,16,TRUE,58,0.000585662163315752,0.00121072921229753,1e-04,"case_norm_mode"
13,38,TRUE,58,0.000585662163315752,0.00121072921229753,1e-04,"case_norm_mode"
14,45,TRUE,58,0.000585662163315752,0.00121072921229753,1e-04,"case_norm_mode"
15,51,TRUE,58,0.000585662163315752,0.00121072921229753,1e-04,"case_norm_mode"
16,55,TRUE,58,0.000585662163315752,0.00121072921229753,1e-04,"case_norm_mode"
17,55,TRUE,58,0.000585662163315752,0.00121072921229753,1e-04,"case_norm_mode"
18,100,TRUE,58,0.000585662163315752,0.00121072921229753,1e-04,"case_norm_mode"
19,1,TRUE,58,0.000585662163315752,0.00121072921229753,1e-04,"case_norm_mode"
20,25,TRUE,58,0.000585662163315752,0.00121072921229753,1e-04,"case_norm_mode"
21,30,TRUE,58,0.000585662163315752,0.00121072921229753,1e-04,"case_norm_mode"
22,31,TRUE,58,0.000585662163315752,0.00121072921229753,1e-04,"case_norm_mode"
23,55,TRUE,58,0.000585662163315752,0.00121072921229753,1e-04,"case_norm_mode"
1,59,TRUE,59,0.000501014802363725,0.00103573919404487,1e-04,"case_norm_mode"
2,36,TRUE,59,0.000501014802363725,0.00103573919404487,1e-04,"case_norm_mode"
3,49,TRUE,59,0.000501014802363725,0.00103573919404487,1e-04,"case_norm_mode"
4,35,TRUE,59,0.000501014802363725,0.00103573919404487,1e-04,"case_norm_mode"
5,29,TRUE,59,0.000501014802363725,0.00103573919404487,1e-04,"case_norm_mode"
6,54,TRUE,59,0.000501014802363725,0.00103573919404487,1e-04,"case_norm_mode"
7,44,TRUE,59,0.000501014802363725,0.00103573919404487,1e-04,"case_norm_mode"
8,15,TRUE,59,0.000501014802363725,0.00103573919404487,1e-04,"case_norm_mode"
9,14,TRUE,59,0.000501014802363725,0.00103573919404487,1e-04,"case_norm_mode"
10,41,TRUE,59,0.000501014802363725,0.00103573919404487,1e-04,"case_norm_mode"
11,34,TRUE,59,0.000501014802363725,0.00103573919404487,1e-04,"case_norm_mode"
12,1,TRUE,59,0.000501014802363725,0.00103573919404487,1e-04,"case_norm_mode"
13,42,TRUE,59,0.000501014802363725,0.00103573919404487,1e-04,"case_norm_mode"
14,57,TRUE,59,0.000501014802363725,0.00103573919404487,1e-04,"case_norm_mode"
15,54,TRUE,59,0.000501014802363725,0.00103573919404487,1e-04,"case_norm_mode"
16,56,TRUE,59,0.000501014802363725,0.00103573919404487,1e-04,"case_norm_mode"
17,55,TRUE,59,0.000501014802363725,0.00103573919404487,1e-04,"case_norm_mode"
18,55,TRUE,59,0.000501014802363725,0.00103573919404487,1e-04,"case_norm_mode"
19,103,TRUE,59,0.000501014802363725,0.00103573919404487,1e-04,"case_norm_mode"
1,57,TRUE,60,0.000428601756969282,0.00088604096373046,1e-04,"case_norm_mode"
2,8,TRUE,60,0.000428601756969282,0.00088604096373046,1e-04,"case_norm_mode"
3,38,TRUE,60,0.000428601756969282,0.00088604096373046,1e-04,"case_norm_mode"
4,33,TRUE,60,0.000428601756969282,0.00088604096373046,1e-04,"case_norm_mode"
5,30,TRUE,60,0.000428601756969282,0.00088604096373046,1e-04,"case_norm_mode"
6,21,TRUE,60,0.000428601756969282,0.00088604096373046,1e-04,"case_norm_mode"
7,13,TRUE,60,0.000428601756969282,0.00088604096373046,1e-04,"case_norm_mode"
8,16,TRUE,60,0.000428601756969282,0.00088604096373046,1e-04,"case_norm_mode"
9,40,TRUE,60,0.000428601756969282,0.00088604096373046,1e-04,"case_norm_mode"
10,47,TRUE,60,0.000428601756969282,0.00088604096373046,1e-04,"case_norm_mode"
11,52,TRUE,60,0.000428601756969282,0.00088604096373046,1e-04,"case_norm_mode"
12,56,TRUE,60,0.000428601756969282,0.00088604096373046,1e-04,"case_norm_mode"
13,54,TRUE,60,0.000428601756969282,0.00088604096373046,1e-04,"case_norm_mode"
14,105,TRUE,60,0.000428601756969282,0.00088604096373046,1e-04,"case_norm_mode"
15,1,TRUE,60,0.000428601756969282,0.00088604096373046,1e-04,"case_norm_mode"
16,29,TRUE,60,0.000428601756969282,0.00088604096373046,1e-04,"case_norm_mode"
17,32,TRUE,60,0.000428601756969282,0.00088604096373046,1e-04,"case_norm_mode"
18,29,TRUE,60,0.000428601756969282,0.00088604096373046,1e-04,"case_norm_mode"
19,32,TRUE,60,0.000428601756969282,0.00088604096373046,1e-04,"case_norm_mode"
20,32,TRUE,60,0.000428601756969282,0.00088604096373046,1e-04,"case_norm_mode"
21,32,TRUE,60,0.000428601756969282,0.00088604096373046,1e-04,"case_norm_mode"
22,32,TRUE,60,0.000428601756969282,0.00088604096373046,1e-04,"case_norm_mode"
23,32,TRUE,60,0.000428601756969282,0.00088604096373046,1e-04,"case_norm_mode"
24,32,TRUE,60,0.000428601756969282,0.00088604096373046,1e-04,"case_norm_mode"
25,59,TRUE,60,0.000428601756969282,0.00088604096373046,1e-04,"case_norm_mode"
