"outer_iter","training_loss","delta_loss","relative_obj_change","oracle_gap_abs","oracle_gap_rel","local_norm","step_size","line_search_halvings","line_search_success","line_search_forced","armijo_lhs","armijo_rhs","inner_iters","inner_converged","admm_tol_used","direction_norm_fro","refinement_triggered","refinement_rounds","subproblem_attempts","stop_mode_hit","min_eig","max_eig","kappa","nnz_gamma_total","nnz_gamma_pen","gamma_pen_sparsity","nnz_omega_offdiag_upper","omega_offdiag_sparsity","elapsed_sec","path_index","lambda_gamma","lambda_Omega","solver_tol"
0,138.086023084596,NA,NA,NA,NA,NA,NA,NA,NA,NA,NA,NA,0,NA,NA,NA,NA,NA,NA,NA,0.102492235849873,0.293021497949794,2.85896288162745,50,0,0,0,0,0,1,4.28601756969282,8.86040963730461,1e-05
1,138.086023084597,1.19371179607697e-12,8.58254316000482e-15,NA,NA,3.00285966828677e-06,0.499998498574674,1,TRUE,FALSE,NA,NA,111,TRUE,1e-07,7.3931947081993e-07,FALSE,0,1,"local_norm|relative_change",0.102492236557257,0.293021497962124,2.85896286201567,50,0,0,0,0,0.172222852706909,1,4.28601756969282,8.86040963730461,1e-05
0,138.086023084597,NA,NA,NA,NA,NA,NA,NA,NA,NA,NA,NA,0,NA,NA,NA,NA,NA,NA,NA,0.102492236557257,0.293021497962124,2.85896286201567,50,0,0,0,0,0,2,3.66654767904032,7.57979029781112,1e-05
1,138.086023084597,0,0,NA,NA,0.0362939643814044,0,4,FALSE,FALSE,NA,NA,4000,FALSE,1e-10,0.0106413247138824,TRUE,3,4,NA,0.102492236557257,0.293021497962124,2.85896286201567,50,0,0,0,0,2.86599493026733,2,3.66654767904032,7.57979029781112,1e-05
0,138.086023084597,NA,NA,NA,NA,NA,NA,NA,NA,NA,NA,NA,0,NA,NA,NA,NA,NA,NA,NA,0.102492236557257,0.293021497962124,2.85896286201567,50,0,0,0,0,0,3,3.13661147302283,6.4842623886032,1e-05
1,137.685762070114,-0.400261014483021,0.00287779465978094,NA,NA,1.03980540139645,0.490242843418004,0,TRUE,FALSE,NA,NA,1000,FALSE,1e-07,0.278947298793839,FALSE,0,1,NA,0.102491661428866,0.2930190921903,2.8589554321321,94,44,0.0176,0,0,0.670310974121094,3,3.13661147302283,6.4842623886032,1e-05
2,137.55821546066,-0.127546609453418,0.000919680633033807,NA,NA,0.537511250828507,0.650401744677405,0,TRUE,FALSE,NA,NA,63,TRUE,1e-07,0.145232411269141,FALSE,0,1,NA,0.102491960861265,0.293020654589515,2.85896232374903,94,44,0.0176,0,0,0.71556806564331,3,3.13661147302283,6.4842623886032,1e-05
3,137.555016296685,-0.00319916397546649,2.30889519241449e-05,NA,NA,1.99924521561686,0.0416771524212604,3,TRUE,FALSE,NA,NA,1000,FALSE,1e-07,0.563391760694838,FALSE,0,1,NA,0.102490411093781,0.293011411777013,2.85891537217957,126,76,0.0304,0,0,1.41917395591736,3,3.13661147302283,6.4842623886032,1e-05
4,137.555016296685,0,0,NA,NA,1.92942083718752,0,4,FALSE,FALSE,NA,NA,4000,FALSE,1e-10,0.544930522742883,TRUE,3,4,NA,0.102490411093781,0.293011411777013,2.85891537217957,126,76,0.0304,0,0,4.18941402435303,3,3.13661147302283,6.4842623886032,1e-05
0,136.840657058115,NA,NA,NA,NA,NA,NA,NA,NA,NA,NA,NA,0,NA,NA,NA,NA,NA,NA,NA,0.102490411093781,0.293011411777013,2.85891537217957,126,76,0.0304,0,0,0,4,2.68326840230086,5.54707413691853,1e-05
1,136.456922663357,-0.383734394757653,0.00278389847340809,NA,NA,1.0083488558142,0.49792146275035,0,TRUE,FALSE,NA,NA,1000,FALSE,1e-07,0.289997580119652,FALSE,0,1,NA,0.102528818808836,0.293016394114089,2.8578930052868,126,76,0.0304,0,0,14.5671119689941,4,2.68326840230086,5.54707413691853,1e-05
2,136.330790569096,-0.126132094261294,0.000917611800245243,NA,NA,0.533742558525105,0.651999903400758,0,TRUE,FALSE,NA,NA,154,TRUE,1e-07,0.156880758521702,FALSE,0,1,NA,0.102788098851897,0.293019716736339,2.85071637679122,126,76,0.0304,0,0,15.2290399074554,4,2.68326840230086,5.54707413691853,1e-05
3,136.311381357603,-0.0194092114927003,0.000141331826695739,NA,NA,0.199065717121402,0.833982646423001,0,TRUE,FALSE,NA,NA,80,TRUE,1e-07,0.0598531901355858,FALSE,0,1,NA,0.10299485702796,0.293021201450874,2.84500808978576,126,76,0.0304,0,0,15.2843658924103,4,2.68326840230086,5.54707413691853,1e-05
4,136.310728021864,-0.000653335739173144,4.7580596212316e-06,NA,NA,0.0360820398102692,0.965174534038949,0,TRUE,FALSE,NA,NA,59,TRUE,1e-07,0.0109731667115623,FALSE,0,1,"relative_change",0.103049336237565,0.293021487599899,2.84350679294412,126,76,0.0304,0,0,15.3260588645935,4,2.68326840230086,5.54707413691853,1e-05
0,134.790324690334,NA,NA,NA,NA,NA,NA,NA,NA,NA,NA,NA,0,NA,NA,NA,NA,NA,NA,NA,0.103049336237565,0.293021487599899,2.84350679294412,126,76,0.0304,0,0,0,5,2.29544825067144,4.74534027718437,1e-05
1,134.790324690334,0,0,NA,NA,2.44742661352427,0,4,FALSE,FALSE,NA,NA,4000,FALSE,1e-10,0.562327798915034,TRUE,3,4,NA,0.103049336237565,0.293021487599899,2.84350679294412,126,76,0.0304,0,0,2.83084797859192,5,2.29544825067144,4.74534027718437,1e-05
0,133.489669428013,NA,NA,NA,NA,NA,NA,NA,NA,NA,NA,NA,0,NA,NA,NA,NA,NA,NA,NA,0.103049336237565,0.293021487599899,2.84350679294412,126,76,0.0304,0,0,0,6,1.96368081068312,4.05948321411427,1e-05
1,132.482710840863,-1.00695858714974,0.00748725602072155,NA,NA,1.70304225554507,0.369953521055242,0,TRUE,FALSE,NA,NA,1000,FALSE,1e-07,0.533731125403667,FALSE,0,1,NA,0.103814269331475,0.293019515348926,2.82253602742534,134,84,0.0336,0,0,43.0613498687744,6,1.96368081068312,4.05948321411427,1e-05
2,131.802677985593,-0.680032855270525,0.00509453884317089,NA,NA,1.44061733385779,0.409732400949286,0,TRUE,FALSE,NA,NA,184,TRUE,1e-07,0.461881494595109,FALSE,0,1,NA,0.104524695868418,0.295415422842158,2.82627392873781,149,99,0.0396,0,0,45.5364809036255,6,1.96368081068312,4.05948321411427,1e-05
3,131.48330386859,-0.31937411700207,0.00240487708415578,NA,NA,0.904335204912245,0.525117635498463,0,TRUE,FALSE,NA,NA,203,TRUE,1e-07,0.303056929865303,FALSE,0,1,NA,0.105998233242427,0.298817540881082,2.81908039162936,149,99,0.0396,0,0,46.8002018928528,6,1.96368081068312,4.05948321411427,1e-05
4,131.385453884317,-0.0978499842736369,0.000738583515177836,NA,NA,0.464167882109263,0.682981789328292,0,TRUE,FALSE,NA,NA,49,TRUE,1e-07,0.162534175994483,FALSE,0,1,NA,0.107464386492822,0.301857008712282,2.80890273106845,149,99,0.0396,0,0,46.836996793747,6,1.96368081068312,4.05948321411427,1e-05
5,131.372656530199,-0.0127973541180779,9.66673735111465e-05,NA,NA,0.160976232727795,0.861344075623693,0,TRUE,FALSE,NA,NA,45,TRUE,1e-07,0.0583002032015245,FALSE,0,1,NA,0.108265559201094,0.303422764737344,2.80257883463901,149,99,0.0396,0,0,46.8689239025116,6,1.96368081068312,4.05948321411427,1e-05
6,131.372352796187,-0.000303734011907864,2.29453740575624e-06,NA,NA,0.0246321446750224,0.975960011792491,0,TRUE,FALSE,NA,NA,37,TRUE,1e-07,0.00907088873934208,FALSE,0,1,"relative_change",0.108423462732805,0.303718553319166,2.80122535901329,149,99,0.0396,0,0,46.8964779376984,6,1.96368081068312,4.05948321411427,1e-05
0,128.390811128776,NA,NA,NA,NA,NA,NA,NA,NA,NA,NA,NA,0,NA,NA,NA,NA,NA,NA,NA,0.108423462732805,0.303718553319166,2.80122535901329,149,99,0.0396,0,0,0,7,1.67986462997683,3.47275495603733,1e-05
1,128.015238146888,-0.375572981887331,0.00290262483565037,NA,NA,0.995505509235782,0.501126153434159,0,TRUE,FALSE,NA,NA,80,TRUE,1e-07,0.364866438599185,FALSE,0,1,NA,0.11017585557856,0.309034645143849,2.80492167291132,150,100,0.04,0,0,0.0578489303588867,7,1.67986462997683,3.47275495603733,1e-05
2,127.885938391889,-0.129299754999792,0.00100220529649823,NA,NA,0.540154537130531,0.649285494339487,0,TRUE,FALSE,NA,NA,51,TRUE,1e-07,0.208673750355021,FALSE,0,1,NA,0.111612617681553,0.314504311500729,2.817820404482,150,100,0.04,0,0,0.0944778919219971,7,1.67986462997683,3.47275495603733,1e-05
3,127.86472360849,-0.0212147833990599,0.000164601225422703,NA,NA,0.208231224095576,0.827656147314478,0,TRUE,FALSE,NA,NA,46,TRUE,1e-07,0.0838709597630417,FALSE,0,1,NA,0.112385372512715,0.317854969909535,2.8282592547671,150,100,0.04,0,0,0.127562046051025,7,1.67986462997683,3.47275495603733,1e-05
4,127.863932966036,-0.00079064245319671,6.13544522548158e-06,NA,NA,0.0397408629484817,0.961778108022238,0,TRUE,FALSE,NA,NA,39,TRUE,1e-07,0.0163869057246245,FALSE,0,1,"relative_change",0.112563983491492,0.318702599120024,2.8313017115649,150,100,0.04,0,0,0.156384944915771,7,1.67986462997683,3.47275495603733,1e-05
0,124.381103104943,NA,NA,NA,NA,NA,NA,NA,NA,NA,NA,NA,0,NA,NA,NA,NA,NA,NA,NA,0.112563983491492,0.318702599120024,2.8313017115649,150,100,0.04,0,0,0,8,1.4370691813531,2.97082814451621,1e-05
1,124.03631915351,-0.344783951433314,0.00274988768558474,NA,NA,0.9449062555063,0.514163598974943,0,TRUE,FALSE,NA,NA,216,TRUE,1e-07,0.387621671066272,FALSE,0,1,NA,0.114695520267908,0.327443072863438,2.85488981695702,150,100,0.04,0,0,1.91614484786987,8,1.4370691813531,2.97082814451621,1e-05
2,123.921125873182,-0.115193280328128,0.000921278562164828,NA,NA,0.506648214639296,0.663724942746113,0,TRUE,FALSE,NA,NA,52,TRUE,1e-07,0.220444406046629,FALSE,0,1,NA,0.116315545338691,0.334968031886558,2.87982170320561,150,100,0.04,0,0,1.95301389694214,8,1.4370691813531,2.97082814451621,1e-05
3,123.903484220794,-0.017641652387681,0.0001412223294048,NA,NA,0.189429197246262,0.840739408714008,0,TRUE,FALSE,NA,NA,46,TRUE,1e-07,0.08615053177628,FALSE,0,1,NA,0.117121151630666,0.339079789567755,2.89512000904004,150,100,0.04,0,0,1.9858238697052,8,1.4370691813531,2.97082814451621,1e-05
4,123.902915010023,-0.000569210771132589,4.55720490652114e-06,NA,NA,0.033715963036509,0.967383726050366,0,TRUE,FALSE,NA,NA,38,TRUE,1e-07,0.015701938210174,FALSE,0,1,"relative_change",0.117288015360215,0.339999362887607,2.89884147023378,150,100,0.04,0,0,2.01346182823181,8,1.4370691813531,2.97082814451621,1e-05
0,120.077602646685,NA,NA,NA,NA,NA,NA,NA,NA,NA,NA,NA,0,NA,NA,NA,NA,NA,NA,NA,0.117288015360215,0.339999362887607,2.89884147023378,150,100,0.04,0,0,0,9,1.22936562574292,2.54144619357784,1e-05
1,119.759257712526,-0.318344934158702,0.00262926360614903,NA,NA,0.900596592030595,0.526150580398338,0,TRUE,FALSE,NA,NA,324,TRUE,1e-07,0.416420119855541,FALSE,0,1,NA,0.119612355257501,0.351767176780606,2.94089332179207,150,100,0.04,1,0.000816326530612245,2.60064911842346,9,1.22936562574292,2.54144619357784,1e-05
2,119.656517494751,-0.102740217775178,0.000850785436423903,NA,NA,0.475831507775574,0.677584124428429,0,TRUE,FALSE,NA,NA,52,TRUE,1e-07,0.234132086237212,FALSE,0,1,NA,0.121277785797029,0.361111077670621,2.977553352392,150,100,0.04,1,0.000816326530612245,2.63690209388733,9,1.22936562574292,2.54144619357784,1e-05
3,119.641921801314,-0.0145956934368883,0.000120968959986129,NA,NA,0.171958017716331,0.853272885959339,0,TRUE,FALSE,NA,NA,47,TRUE,1e-07,0.0885168268238558,FALSE,0,1,NA,0.122061054436885,0.36583909084479,2.99718114457185,150,100,0.04,1,0.000816326530612245,2.66991996765137,9,1.22936562574292,2.54144619357784,1e-05
4,119.641518360539,-0.000403440775485819,3.34411761236901e-06,NA,NA,0.0283838770646495,0.972399531247352,0,TRUE,FALSE,NA,NA,37,TRUE,1e-07,0.0149539798229972,FALSE,0,1,"relative_change",0.122209490152967,0.366787863668933,3.0013042621308,150,100,0.04,1,0.000816326530612245,2.6965389251709,9,1.22936562574292,2.54144619357784,1e-05
0,115.594617697651,NA,NA,NA,NA,NA,NA,NA,NA,NA,NA,NA,0,NA,NA,NA,NA,NA,NA,NA,0.122209490152967,0.366787863668933,3.0013042621308,150,100,0.04,1,0.000816326530612245,0,10,1.05168203547115,2.17412399528183,1e-05
1,115.294943032824,-0.299674664827791,0.00257022726044606,NA,NA,0.868819610354271,0.535097124655295,0,TRUE,FALSE,NA,NA,332,TRUE,1e-07,0.450618155204698,FALSE,0,1,NA,0.124213629442417,0.381351365099694,3.07012496786015,150,100,0.04,5,0.00408163265306122,2.66235280036926,10,1.05168203547115,2.17412399528183,1e-05
2,115.201262094552,-0.0936809382715751,0.00080554610397061,NA,NA,0.452549992365358,0.688444463361693,0,TRUE,FALSE,NA,NA,334,TRUE,1e-07,0.250489093583302,FALSE,0,1,NA,0.125647381697634,0.392389011104325,3.12293822443986,150,100,0.04,5,0.00408163265306122,5.29956293106079,10,1.05168203547115,2.17412399528183,1e-05
3,115.188800293059,-0.0124618014930178,0.00010724325423314,NA,NA,0.158677661468385,0.863052799976057,0,TRUE,FALSE,NA,NA,50,TRUE,1e-07,0.0919764294960789,FALSE,0,1,NA,0.126336490306103,0.397676577708087,3.1477570474259,150,100,0.04,5,0.00408163265306122,5.3355598449707,10,1.05168203547115,2.17412399528183,1e-05
4,115.188498926266,-0.000301366793010516,2.5937680073328e-06,NA,NA,0.0245319399905317,0.976055465883515,0,TRUE,FALSE,NA,NA,40,TRUE,1e-07,0.0145538897540292,FALSE,0,1,"relative_change",0.126465499973269,0.398649605981718,3.15223998692119,150,100,0.04,5,0.00408163265306122,5.36599493026733,10,1.05168203547115,2.17412399528183,1e-05
0,111.003433101705,NA,NA,NA,NA,NA,NA,NA,NA,NA,NA,NA,0,NA,NA,NA,NA,NA,NA,NA,0.126465499973269,0.398649605981718,3.15223998692119,150,100,0.04,5,0.00408163265306122,0,11,0.899679542499283,1.85989188313518,1e-05
1,110.722976478776,-0.28045662292854,0.0025040002360809,NA,NA,0.835509932261009,0.544807730224693,0,TRUE,FALSE,NA,NA,1000,FALSE,1e-07,0.489502432315151,FALSE,0,1,NA,0.128080764968876,0.415964697417495,3.24767499256096,150,100,0.04,6,0.00489795918367347,7.20850300788879,11,0.899679542499283,1.85989188313518,1e-05
2,110.65710945902,-0.0658670197558564,0.000589556614331422,NA,NA,0.347704614043332,0.742002356881333,0,TRUE,FALSE,NA,NA,1000,FALSE,1e-07,0.207738920634195,FALSE,0,1,NA,0.129827573663748,0.427991907375902,3.29661793175305,150,100,0.04,6,0.00489795918367347,14.997673034668,11,0.899679542499283,1.85989188313518,1e-05
3,110.629209711011,-0.0278997480089203,0.000249869875228678,NA,NA,0.239549094936998,0.806744972090699,0,TRUE,FALSE,NA,NA,1000,FALSE,1e-07,0.138149127178653,FALSE,0,1,NA,0.129948782836613,0.433759608132007,3.33792744082397,150,100,0.04,6,0.00489795918367347,20.5454530715942,11,0.899679542499283,1.85989188313518,1e-05
4,110.627881217367,-0.00132849364403853,1.1900950006524e-05,NA,NA,0.0515101920448183,0.951013130985778,0,TRUE,FALSE,NA,NA,2000,FALSE,1e-08,0.0311546653376744,TRUE,1,2,NA,0.130086034564703,0.435273329226272,3.346041953564,150,100,0.04,6,0.00489795918367347,32.4330520629883,11,0.899679542499283,1.85989188313518,1e-05
5,110.627877172424,-4.04494305428216e-06,3.62359565564596e-08,NA,NA,0.00284274610549065,0.997165312192235,0,TRUE,FALSE,NA,NA,44,TRUE,1e-07,0.00176026373105544,FALSE,0,1,"relative_change",0.130098499704562,0.435360960152227,3.34639493261551,150,100,0.04,6,0.00489795918367347,32.4652910232544,11,0.899679542499283,1.85989188313518,1e-05
0,106.380228799613,NA,NA,NA,NA,NA,NA,NA,NA,NA,NA,NA,0,NA,NA,NA,NA,NA,NA,NA,0.130098499704562,0.435360960152227,3.34639493261551,150,100,0.04,6,0.00489795918367347,0,12,0.769646387302891,1.5910766011778,1e-05
1,106.118994140188,-0.261234659425341,0.0024328003613481,NA,NA,0.801489068550224,0.555096346382365,0,TRUE,FALSE,NA,NA,178,TRUE,1e-07,0.530504404997359,FALSE,0,1,NA,0.131743276564653,0.455420982339626,3.45688215911442,150,100,0.04,11,0.00897959183673469,2.52358889579773,12,0.769646387302891,1.5910766011778,1e-05
2,106.043544454655,-0.0754496855334423,0.000704353939644918,NA,NA,0.402795695422453,0.712862181758299,0,TRUE,FALSE,NA,NA,185,TRUE,1e-07,0.284781922882714,FALSE,0,1,NA,0.13306030148785,0.469624247993319,3.52940916818981,150,100,0.04,11,0.00897959183673469,5.12009596824646,12,0.769646387302891,1.5910766011778,1e-05
3,106.035004163215,-0.00854029143974344,7.97833394181117e-05,NA,NA,0.131044666258839,0.88413838094273,0,TRUE,FALSE,NA,NA,192,TRUE,1e-07,0.0969108542195337,FALSE,0,1,NA,0.133671270974451,0.475734405598422,3.55898767274646,150,100,0.04,11,0.00897959183673469,7.65269088745117,12,0.769646387302891,1.5910766011778,1e-05
4,106.034855371205,-0.000148792009539989,1.39012476061663e-06,NA,NA,0.0172379953159679,0.983054117723342,0,TRUE,FALSE,NA,NA,39,TRUE,1e-07,0.0130240758855751,FALSE,0,1,"relative_change",0.133768685502837,0.476659704109984,3.56331306028924,150,100,0.04,11,0.00897959183673469,7.68253493309021,12,0.769646387302891,1.5910766011778,1e-05
0,101.787429667756,NA,NA,NA,NA,NA,NA,NA,NA,NA,NA,NA,0,NA,NA,NA,NA,NA,NA,NA,0.133768685502837,0.476659704109984,3.56331306028924,150,100,0.04,11,0.00897959183673469,0,13,0.658407281155739,1.3611139302077,1e-05
1,101.774856543754,-0.0125731240020599,0.000122321611141562,NA,NA,1.85962973128573,0.0874239057122954,2,TRUE,FALSE,NA,NA,1000,FALSE,1e-07,0.56396686188897,FALSE,0,1,NA,0.12759319076167,0.482609832271108,3.78241056117618,150,100,0.04,11,0.00897959183673469,18.7740840911865,13,0.658407281155739,1.3611139302077,1e-05
2,101.619314815421,-0.155541728332793,0.0015134219940903,NA,NA,0.624899421466118,0.615422706654494,0,TRUE,FALSE,NA,NA,1000,FALSE,1e-07,0.414272717969312,FALSE,0,1,NA,0.133590792213289,0.502699581014965,3.76298076152106,150,100,0.04,11,0.00897959183673469,37.1321489810944,13,0.658407281155739,1.3611139302077,1e-05
3,101.489905259425,-0.129409555996816,0.00126106431551975,NA,NA,0.540999364695484,0.648929534242611,0,TRUE,FALSE,NA,NA,183,TRUE,1e-07,0.343047612515713,FALSE,0,1,NA,0.135663722175404,0.514628723390756,3.79341444520721,150,100,0.04,18,0.0146938775510204,39.6432909965515,13,0.658407281155739,1.3611139302077,1e-05
4,101.469164995685,-0.0207402637394551,0.000202363966353144,NA,NA,0.205875437879245,0.829273048100793,0,TRUE,FALSE,NA,NA,71,TRUE,1e-07,0.142293907156931,FALSE,0,1,NA,0.137091084296184,0.520928466641452,3.79987122660719,150,100,0.04,18,0.0146938775510204,39.6922478675842,13,0.658407281155739,1.3611139302077,1e-05
5,101.468410942887,-0.000754052798441762,7.35882641840122e-06,NA,NA,0.0388079717454875,0.962641823319589,0,TRUE,FALSE,NA,NA,62,TRUE,1e-07,0.0282760398161616,FALSE,0,1,"relative_change",0.137488342449029,0.5223631213328,3.79932663401231,150,100,0.04,18,0.0146938775510204,39.7354459762573,13,0.658407281155739,1.3611139302077,1e-05
0,97.2678672123601,NA,NA,NA,NA,NA,NA,NA,NA,NA,NA,NA,0,NA,NA,NA,NA,NA,NA,NA,0.137488342449029,0.5223631213328,3.79932663401231,150,100,0.04,18,0.0146938775510204,0,14,0.563245868531947,1.16438839565236,1e-05
1,97.0381972806007,-0.229669931759418,0.00233718242060849,NA,NA,0.74408273144508,0.573367296155406,0,TRUE,FALSE,NA,NA,175,TRUE,1e-07,0.616596712342335,FALSE,0,1,NA,0.138995552851172,0.547808913872769,3.94119741700894,150,100,0.04,25,0.0204081632653061,1.98064804077148,14,0.563245868531947,1.16438839565236,1e-05
2,96.9774170915607,-0.0607801890399742,0.000619964368235084,NA,NA,0.35909721574516,0.735782538890512,0,TRUE,FALSE,NA,NA,184,TRUE,1e-07,0.318299692468946,FALSE,0,1,NA,0.140303917109962,0.564882180547964,4.02613264250665,150,100,0.04,25,0.0204081632653061,3.86234593391418,14,0.563245868531947,1.16438839565236,1e-05
3,96.9716290135222,-0.00578807803853465,5.9075634062956e-05,NA,NA,0.107714590332953,0.902759617619033,0,TRUE,FALSE,NA,NA,191,TRUE,1e-07,0.0997940028304688,FALSE,0,1,NA,0.14088768548176,0.571508975339342,4.05648636632142,150,100,0.04,25,0.0204081632653061,5.76021194458008,14,0.563245868531947,1.16438839565236,1e-05
4,96.9715579149169,-7.10986052752105e-05,7.2570606400142e-07,NA,NA,0.0119137318644607,0.98822653405196,0,TRUE,FALSE,NA,NA,49,TRUE,1e-07,0.0112642442094682,FALSE,0,1,"relative_change",0.140967352620104,0.572332410658635,4.06003517850709,150,100,0.04,25,0.0204081632653061,5.79674696922302,14,0.563245868531947,1.16438839565236,1e-05
0,92.8510717968152,NA,NA,NA,NA,NA,NA,NA,NA,NA,NA,NA,0,NA,NA,NA,NA,NA,NA,NA,0.140967352620104,0.572332410658635,4.06003517850709,150,100,0.04,25,0.0204081632653061,0,15,0.481838396230109,0.996096142901866,1e-05
1,92.6371905411962,-0.213881255618958,0.00227894313324417,NA,NA,0.714379430338064,0.583301445586527,0,TRUE,FALSE,NA,NA,170,TRUE,1e-07,0.658538353952975,FALSE,0,1,NA,0.141587097990402,0.600365416494806,4.24025511516242,154,104,0.0416,32,0.0261224489795918,1.87861800193787,15,0.481838396230109,0.996096142901866,1e-05
2,92.5833527192468,-0.0538378219494007,0.000574961953025646,NA,NA,0.33686207239169,0.748020323600749,0,TRUE,FALSE,NA,NA,182,TRUE,1e-07,0.332002139241686,FALSE,0,1,NA,0.142421236228665,0.618642032315433,4.34374850757627,154,104,0.0416,32,0.0261224489795918,3.87137603759766,15,0.481838396230109,0.996096142901866,1e-05
3,92.5787106549616,-0.00464206428526381,4.9603526165494e-05,NA,NA,0.0964055868667135,0.912071237121092,0,TRUE,FALSE,NA,NA,192,TRUE,1e-07,0.0992003357687379,FALSE,0,1,NA,0.142831929486567,0.625337827212431,4.37813750371021,154,104,0.0416,32,0.0261224489795918,5.85248899459839,15,0.481838396230109,0.996096142901866,1e-05
4,92.5786640552007,-4.65997608358748e-05,4.979739570007e-07,NA,NA,0.00964332263399062,0.990448782834682,0,TRUE,FALSE,NA,NA,55,TRUE,1e-07,0.0101155138725105,FALSE,0,1,"relative_change",0.142885598065631,0.626081382966296,4.38169690607112,154,104,0.0416,32,0.0261224489795918,5.89287304878235,15,0.481838396230109,0.996096142901866,1e-05
0,88.5702563072179,NA,NA,NA,NA,NA,NA,NA,NA,NA,NA,NA,0,NA,NA,NA,NA,NA,NA,NA,0.142885598065631,0.626081382966296,4.38169690607112,154,104,0.0416,32,0.0261224489795918,0,16,0.412196969481073,0.85212763164655,1e-05
1,88.3713513634937,-0.198904943724131,0.00222065841859271,NA,NA,0.685457795681232,0.593310614221472,0,TRUE,FALSE,NA,NA,187,TRUE,1e-07,0.699981121412672,FALSE,0,1,NA,0.141809204463564,0.656584344111909,4.63005449184796,159,109,0.0436,43,0.0351020408163265,1.87444186210632,16,0.412196969481073,0.85212763164655,1e-05
2,88.3237461941935,-0.0476051693002262,0.000532666996458463,NA,NA,0.315800984074966,0.759993351656459,0,TRUE,FALSE,NA,NA,194,TRUE,1e-07,0.344324038636684,FALSE,0,1,NA,0.141746628917644,0.675888601011079,4.76828695096357,159,109,0.0436,43,0.0351020408163265,3.75721907615662,16,0.412196969481073,0.85212763164655,1e-05
3,88.3200338973374,-0.00371229685612207,4.15600219906964e-05,NA,NA,0.0861730689425866,0.920663592749102,0,TRUE,FALSE,NA,NA,208,TRUE,1e-07,0.0978968406878021,FALSE,0,1,NA,0.141870641751409,0.682552994086356,4.81109400549797,159,109,0.0436,43,0.0351020408163265,5.66299891471863,16,0.412196969481073,0.85212763164655,1e-05
4,88.3200035486074,-3.03487300072902e-05,3.39775173419352e-07,NA,NA,0.00778031426554529,0.992279751692495,0,TRUE,FALSE,NA,NA,64,TRUE,1e-07,0.00899174463676628,FALSE,0,1,"relative_change",0.141893393932725,0.683212787879308,4.8149724870436,159,109,0.0436,43,0.0351020408163265,5.70759797096252,16,0.412196969481073,0.85212763164655,1e-05
0,84.4448110920917,NA,NA,NA,NA,NA,NA,NA,NA,NA,NA,NA,0,NA,NA,NA,NA,NA,NA,NA,0.141893393932725,0.683212787879308,4.8149724870436,159,109,0.0436,43,0.0351020408163265,0,17,0.352621009406314,0.728967284724337,1e-05
1,84.2575518443261,-0.187259247765638,0.00219158127184355,NA,NA,0.66243297624729,0.601528010023815,0,TRUE,FALSE,NA,NA,194,TRUE,1e-07,0.736952332464466,FALSE,0,1,NA,0.138548908806858,0.715877998995916,5.16696959334319,170,120,0.048,51,0.0416326530612245,1.87507796287537,17,0.352621009406314,0.728967284724337,1e-05
2,84.2145697123224,-0.0429821320036865,0.000504144572227088,NA,NA,0.299374686800563,0.76960095510425,0,TRUE,FALSE,NA,NA,209,TRUE,1e-07,0.354702456790171,FALSE,0,1,NA,0.137340706696362,0.735992494568838,5.35888093393899,170,120,0.048,51,0.0416326530612245,3.83983111381531,17,0.352621009406314,0.728967284724337,1e-05
3,84.2114827276108,-0.00308698471161506,3.62260200577962e-05,NA,NA,0.0785571017005419,0.927164633586222,0,TRUE,FALSE,NA,NA,225,TRUE,1e-07,0.0966510983783715,FALSE,0,1,NA,0.13713259563612,0.742583701128618,5.41507799574548,170,120,0.048,51,0.0416326530612245,5.71296405792236,17,0.352621009406314,0.728967284724337,1e-05
4,84.2114613847698,-2.13428409381322e-05,2.50469071244275e-07,NA,NA,0.00652287001732766,0.993519402080536,0,TRUE,FALSE,NA,NA,73,TRUE,1e-07,0.00812987403077925,FALSE,0,1,"relative_change",0.1371263358124,0.743175619670115,5.41964178702215,170,120,0.048,51,0.0416326530612245,5.76454710960388,17,0.352621009406314,0.728967284724337,1e-05
0,80.4809213814245,NA,NA,NA,NA,NA,NA,NA,NA,NA,NA,NA,0,NA,NA,NA,NA,NA,NA,NA,0.1371263358124,0.743175619670115,5.41964178702215,170,120,0.048,51,0.0416326530612245,0,18,0.301655726463164,0.623607640995718,1e-05
1,80.3039326741901,-0.176988707234429,0.00217214906549618,NA,NA,0.641672901361963,0.609134742475423,0,TRUE,FALSE,NA,NA,221,TRUE,1e-07,0.773237163161408,FALSE,0,1,NA,0.131549944790044,0.777675560673414,5.91163730182175,179,129,0.0516,65,0.0530612244897959,0.175801992416382,18,0.301655726463164,0.623607640995718,1e-05
2,80.2648436427795,-0.0390890314105263,0.000480776638039984,NA,NA,0.28490492889634,0.778267697096425,0,TRUE,FALSE,NA,NA,124,TRUE,1e-07,0.364390953778909,FALSE,0,1,NA,0.12922838847474,0.798348993341904,6.17781435460643,179,129,0.0516,65,0.0530612244897959,0.260578870773315,18,0.301655726463164,0.623607640995718,1e-05
3,80.262240405332,-0.00260323744757329,3.20339931867277e-05,NA,NA,0.072113874874378,0.932736739478511,0,TRUE,FALSE,NA,NA,112,TRUE,1e-07,0.0953626554407669,FALSE,0,1,NA,0.128718728211153,0.80479161911618,6.25232730544063,179,129,0.0516,65,0.0530612244897959,0.338006973266602,18,0.301655726463164,0.623607640995718,1e-05
4,80.2622249279084,-1.54774235170407e-05,1.90462672944287e-07,NA,NA,0.00555942509970695,0.994471311231402,0,TRUE,FALSE,NA,NA,81,TRUE,1e-07,0.00741676086828713,FALSE,0,1,"relative_change",0.128689844646854,0.80532172785531,6.25784987203339,179,129,0.0516,65,0.0530612244897959,0.392957925796509,18,0.301655726463164,0.623607640995718,1e-05
0,76.6812620812471,NA,NA,NA,NA,NA,NA,NA,NA,NA,NA,NA,0,NA,NA,NA,NA,NA,NA,NA,0.128689844646854,0.80532172785531,6.25784987203339,179,129,0.0516,65,0.0530612244897959,0,19,0.258056595837054,0.533475915939497,1e-05
1,76.5164173232275,-0.164844758019612,0.00212206590885715,NA,NA,0.61665654233128,0.618560574751371,0,TRUE,FALSE,NA,NA,162,TRUE,1e-07,0.803984666224295,FALSE,0,1,NA,0.122866807826288,0.841401826396184,6.84808078993779,195,145,0.058,77,0.0628571428571429,0.669648170471191,19,0.258056595837054,0.533475915939497,1e-05
2,76.4818928203344,-0.034524502893106,0.000445383108318151,NA,NA,0.267124994122772,0.789188126379196,0,TRUE,FALSE,NA,NA,117,TRUE,1e-07,0.369178683909856,FALSE,0,1,NA,0.120596932219011,0.862343428700027,7.1506249191643,195,145,0.058,77,0.0628571428571429,0.749721050262451,19,0.258056595837054,0.533475915939497,1e-05
3,76.4798190093835,-0.00207381095087555,2.67651044055457e-05,NA,NA,0.0643489499515545,0.939541491580855,0,TRUE,FALSE,NA,NA,108,TRUE,1e-07,0.0917225428947204,FALSE,0,1,NA,0.120144844817714,0.868470442204911,7.22852856085978,195,145,0.058,77,0.0628571428571429,0.822782039642334,19,0.258056595837054,0.533475915939497,1e-05
4,76.4798090054793,-1.00039042365552e-05,1.29116257168123e-07,NA,NA,0.00446855338661278,0.995551325751765,0,TRUE,FALSE,NA,NA,76,TRUE,1e-07,0.00640788237381479,FALSE,0,1,"relative_change",0.120123315964898,0.868918405396698,7.23355327329299,195,145,0.058,77,0.0628571428571429,0.875133991241455,19,0.258056595837054,0.533475915939497,1e-05
0,73.0578149752664,NA,NA,NA,NA,NA,NA,NA,NA,NA,NA,NA,0,NA,NA,NA,NA,NA,NA,NA,0.120123315964898,0.868918405396698,7.23355327329299,195,145,0.058,77,0.0628571428571429,0,20,0.220758967302882,0.456371176647336,1e-05
1,72.9021703952695,-0.155644579996945,0.00210166314046569,NA,NA,0.59738367976976,0.626023674001813,0,TRUE,FALSE,NA,NA,235,TRUE,1e-07,0.832087046144834,FALSE,0,1,NA,0.114050569593216,0.90605071769547,7.94428928261457,218,168,0.0672,93,0.0759183673469388,4.79212284088135,20,0.220758967302882,0.456371176647336,1e-05
2,72.8710971192484,-0.0310732760210612,0.000420464999266791,NA,NA,0.252975454340316,0.798100231362069,0,TRUE,FALSE,NA,NA,127,TRUE,1e-07,0.373913317373635,FALSE,0,1,NA,0.111931449724669,0.927002206224875,8.28187438387629,218,168,0.0672,93,0.0759183673469388,4.87803387641907,20,0.220758967302882,0.456371176647336,1e-05
3,72.8693899937118,-0.00170712553662611,2.31095191921996e-05,NA,NA,0.0583727033247233,0.944846741472684,0,TRUE,FALSE,NA,NA,111,TRUE,1e-07,0.0888792885021197,FALSE,0,1,NA,0.111576981907614,0.932798313658239,8.36013215011139,218,168,0.0672,93,0.0759183673469388,4.98070597648621,20,0.220758967302882,0.456371176647336,1e-05
4,72.86938310173,-6.89198179770756e-06,9.32995628946475e-08,NA,NA,0.00370697227750136,0.996306718614209,0,TRUE,FALSE,NA,NA,77,TRUE,1e-07,0.00566721787315738,FALSE,0,1,"relative_change",0.111565387792733,0.933180575042751,8.36442729689985,218,168,0.0672,93,0.0759183673469388,5.05959296226501,20,0.220758967302882,0.456371176647336,1e-05
0,69.6068167823764,NA,NA,NA,NA,NA,NA,NA,NA,NA,NA,NA,0,NA,NA,NA,NA,NA,NA,NA,0.111565387792733,0.933180575042751,8.36442729689985,218,168,0.0672,93,0.0759183673469388,0,21,0.188852067456581,0.390410597088876,1e-05
1,69.4622528368427,-0.144563945533761,0.00204745026219401,NA,NA,0.573464829143413,0.635540103266493,0,TRUE,FALSE,NA,NA,256,TRUE,1e-07,0.853177622874574,FALSE,0,1,NA,0.106069256820942,0.971031883922779,9.15469678044412,240,190,0.076,114,0.0930612244897959,4.82672595977783,21,0.188852067456581,0.390410597088876,1e-05
2,69.4350230282222,-0.027229808620433,0.000386445330998491,NA,NA,0.236337539577613,0.808840602172157,0,TRUE,FALSE,NA,NA,133,TRUE,1e-07,0.373079266246643,FALSE,0,1,NA,0.104296340226888,0.991662499623833,9.50812365483345,240,190,0.076,114,0.0930612244897959,4.91646194458008,21,0.188852067456581,0.390410597088876,1e-05
3,69.433686795835,-0.00133623238720304,1.89711358036702e-05,NA,NA,0.051634357025291,0.950900846211085,0,TRUE,FALSE,NA,NA,109,TRUE,1e-07,0.0838446713367919,FALSE,0,1,NA,0.104042835358683,0.996992287598003,9.58251747139451,240,190,0.076,114,0.0930612244897959,4.99496603012085,21,0.188852067456581,0.390410597088876,1e-05
4,69.4336824987084,-4.29712660832138e-06,6.10095368254311e-08,NA,NA,0.00292427565160878,0.997084250802775,0,TRUE,FALSE,NA,NA,73,TRUE,1e-07,0.00476480371556061,FALSE,0,1,"relative_change",0.104037567607534,0.997301775482466,9.58597743504185,240,190,0.076,114,0.0930612244897959,5.04461002349854,21,0.188852067456581,0.390410597088876,1e-05
0,66.3356359987721,NA,NA,NA,NA,NA,NA,NA,NA,NA,NA,NA,0,NA,NA,NA,NA,NA,NA,NA,0.104037567607534,0.997301775482466,9.58597743504185,240,190,0.076,114,0.0930612244897959,0,22,0.161556759475561,0.333983481251,1e-05
1,66.2019749155436,-0.133661083228475,0.00198499770954732,NA,NA,0.549206498224808,0.645491741188713,0,TRUE,FALSE,NA,NA,303,TRUE,1e-07,0.869648387258566,FALSE,0,1,NA,0.0992296512812029,1.03542177075313,10.4346005189406,282,232,0.0928,136,0.111020408163265,4.88066291809082,22,0.161556759475561,0.333983481251,1e-05
2,66.1782863325898,-0.023688582953838,0.000352498315467793,NA,NA,0.220007192708333,0.81966729866573,0,TRUE,FALSE,NA,NA,153,TRUE,1e-07,0.369475703367684,FALSE,0,1,NA,0.0978147761811932,1.05543848745806,10.7901743342229,283,233,0.0932,136,0.111020408163265,4.9852409362793,22,0.161556759475561,0.333983481251,1e-05
3,66.17725350484,-0.00103282774981039,1.53744283487229e-05,NA,NA,0.0453848940135235,0.95658546983659,0,TRUE,FALSE,NA,NA,120,TRUE,1e-07,0.0782625241432597,FALSE,0,1,NA,0.097646546801233,1.06024707919496,10.8580089509276,283,233,0.0932,136,0.111020408163265,5.0653178691864,22,0.161556759475561,0.333983481251,1e-05
4,66.1772508822702,-2.62256978089681e-06,3.90395505036219e-08,NA,NA,0.00227473974683415,0.997730422950289,0,TRUE,FALSE,NA,NA,67,TRUE,1e-07,0.00393171081434336,FALSE,0,1,"relative_change",0.097645165380418,1.06049079651112,10.8606585116583,283,233,0.0932,136,0.111020408163265,5.11224389076233,22,0.161556759475561,0.333983481251,1e-05
0,63.2444718793661,NA,NA,NA,NA,NA,NA,NA,NA,NA,NA,NA,0,NA,NA,NA,NA,NA,NA,NA,0.097645165380418,1.06049079651112,10.8606585116583,283,233,0.0932,136,0.111020408163265,0,23,0.138206517322057,0.285711931439055,1e-05
1,63.1190664907897,-0.125405388576411,0.00195200279351488,NA,NA,0.530301052909733,0.653466190916217,0,TRUE,FALSE,NA,NA,281,TRUE,1e-07,0.885004767456113,FALSE,0,1,NA,0.0933384390835703,1.09828765958766,11.7667240889288,331,281,0.1124,159,0.129795918367347,4.87349390983582,23,0.138206517322057,0.285711931439055,1e-05
2,63.0978823596858,-0.0211841311038867,0.000330387391197121,NA,NA,0.207760575743391,0.827978673988831,0,TRUE,FALSE,NA,NA,174,TRUE,1e-07,0.367929236078445,FALSE,0,1,NA,0.092132382683552,1.1174764876781,12.129030587609,331,281,0.1124,159,0.129795918367347,4.98895192146301,23,0.138206517322057,0.285711931439055,1e-05
3,63.0970406675763,-0.000841692109460723,1.31313559586503e-05,NA,NA,0.0409745963888465,0.960638236004041,0,TRUE,FALSE,NA,NA,133,TRUE,1e-07,0.074478454847469,FALSE,0,1,NA,0.0920050604497655,1.12181149727057,12.1929325603028,330,280,0.112,159,0.129795918367347,5.07841110229492,23,0.138206517322057,0.285711931439055,1e-05
4,63.0970389054306,-1.76214573599509e-06,2.7491842332223e-08,NA,NA,0.00186760312465687,0.998135878314827,0,TRUE,FALSE,NA,NA,63,TRUE,1e-07,0.00339972431409008,FALSE,0,1,"relative_change",0.0920048759081515,1.12200794675556,12.195092223978,330,280,0.112,159,0.129795918367347,5.12207102775574,23,0.138206517322057,0.285711931439055,1e-05
0,60.3261653713526,NA,NA,NA,NA,NA,NA,NA,NA,NA,NA,NA,0,NA,NA,NA,NA,NA,NA,NA,0.0920048759081515,1.12200794675556,12.195092223978,330,280,0.112,159,0.129795918367347,0,24,0.118231149797118,0.244417201296511,1e-05
1,60.2086435895712,-0.11752178178142,0.00191633996793672,NA,NA,0.511740342428771,0.661489259718633,0,TRUE,FALSE,NA,NA,263,TRUE,1e-07,0.90093752834431,FALSE,0,1,NA,0.0882141856447529,1.1590344937758,13.1388674656403,394,344,0.1376,182,0.148571428571429,0.177510023117065,24,0.118231149797118,0.244417201296511,1e-05
2,60.1897164575094,-0.0189271320618047,0.000309223190579403,NA,NA,0.196123783301392,0.836033873718258,0,TRUE,FALSE,NA,NA,329,TRUE,1e-07,0.366656522992194,FALSE,0,1,NA,0.0871887559877544,1.17719478401929,13.5016811592612,394,344,0.1376,182,0.148571428571429,4.48452806472778,24,0.118231149797118,0.244417201296511,1e-05
3,60.1890317065544,-0.000684750955002755,1.11906214744148e-05,NA,NA,0.0369443057383733,0.96437194791087,0,TRUE,FALSE,NA,NA,143,TRUE,1e-07,0.0708728451188318,FALSE,0,1,NA,0.0870894989697621,1.18104890148728,13.5613238732415,395,345,0.138,181,0.147755102040816,4.5814859867096,24,0.118231149797118,0.244417201296511,1e-05
4,60.1890305064577,-1.20009674731136e-06,1.96129390160428e-08,NA,NA,0.0015285408681456,0.998473792003151,0,TRUE,FALSE,NA,NA,61,TRUE,1e-07,0.00293817072334042,FALSE,0,1,"relative_change",0.0870895792151325,1.18120522021761,13.563106296561,395,345,0.138,181,0.147755102040816,4.6239800453186,24,0.118231149797118,0.244417201296511,1e-05
0,57.5707267972422,NA,NA,NA,NA,NA,NA,NA,NA,NA,NA,NA,0,NA,NA,NA,NA,NA,NA,NA,0.0870895792151325,1.18120522021761,13.563106296561,395,345,0.138,181,0.147755102040816,0,25,0.101142877001776,0.209090911915109,1e-05
1,57.4554673279044,-0.115259469337794,0.00196786817648335,NA,NA,0.506335787384149,0.66386260512111,0,TRUE,FALSE,NA,NA,240,TRUE,1e-07,0.930458628569979,FALSE,0,1,NA,0.0837533565013868,1.21677054664188,14.5280212933523,480,430,0.172,217,0.177142857142857,0.162131071090698,25,0.101142877001776,0.209090911915109,1e-05
2,57.437155402181,-0.0183119257233031,0.000313262840250388,NA,NA,0.192780475221565,0.838377237701049,0,TRUE,FALSE,NA,NA,201,TRUE,1e-07,0.377513832766642,FALSE,0,1,NA,0.0828682101936877,1.23388633420263,14.8897427773409,479,429,0.1716,217,0.177142857142857,0.297608137130737,25,0.101142877001776,0.209090911915109,1e-05
3,57.4365058776565,-0.000649524524554579,1.1114923717357e-05,NA,NA,0.0359580250229357,0.965290075317347,0,TRUE,FALSE,NA,NA,165,TRUE,1e-07,0.0724603748989092,FALSE,0,1,NA,0.0827864270889778,1.23742558889224,14.9472036951452,479,429,0.1716,217,0.177142857142857,0.411565065383911,25,0.101142877001776,0.209090911915109,1e-05
4,57.4365047560436,-1.12161287546542e-06,1.91937019269024e-08,NA,NA,0.00146113199201317,0.998540999799856,0,TRUE,FALSE,NA,NA,101,TRUE,1e-07,0.00295104364770799,FALSE,0,1,"relative_change",0.0827864672464349,1.23756446071514,14.9488739147572,479,429,0.1716,216,0.176326530612245,0.481061935424805,25,0.101142877001776,0.209090911915109,1e-05
0,54.9577113513265,NA,NA,NA,NA,NA,NA,NA,NA,NA,NA,NA,0,NA,NA,NA,NA,NA,NA,NA,0.0827864672464349,1.23756446071514,14.9488739147572,479,429,0.1716,216,0.176326530612245,0,26,0.0865244192055192,0.178870428159656,1e-05
1,54.8500562997147,-0.107655051611808,0.0019238644507082,NA,NA,0.487791414344484,0.672137229962842,0,TRUE,FALSE,NA,NA,229,TRUE,1e-07,0.946318535295362,FALSE,0,1,NA,0.0798753154436985,1.27163935646548,15.9203046573483,576,526,0.2104,248,0.202448979591837,0.753170013427734,26,0.0865244192055192,0.178870428159656,1e-05
2,54.8338322213969,-0.0162240783178333,0.000290493499787506,NA,NA,0.181197452921082,0.84659850690248,0,TRUE,FALSE,NA,NA,186,TRUE,1e-07,0.375904887817676,FALSE,0,1,NA,0.0791410836431943,1.28750779146963,16.2685135482138,578,528,0.2112,248,0.202448979591837,0.877275943756104,26,0.0865244192055192,0.178870428159656,1e-05
3,54.8333136467849,-0.000518574611966471,9.28782050836448e-06,NA,NA,0.0320766333777529,0.968920298803032,0,TRUE,FALSE,NA,NA,151,TRUE,1e-07,0.0686935779260249,FALSE,0,1,"relative_change",0.079082017541781,1.29058824333258,16.3196170690856,577,527,0.2108,247,0.201632653061224,0.978157997131348,26,0.0865244192055192,0.178870428159656,1e-05
0,52.4922170760529,NA,NA,NA,NA,NA,NA,NA,NA,NA,NA,NA,0,NA,NA,NA,NA,NA,NA,NA,0.079082017541781,1.29058824333258,16.3196170690856,577,527,0.2108,247,0.201632653061224,0,27,0.0740188072633227,0.153017793920229,1e-05
1,52.3918084281272,-0.100408647925697,0.00187707022468222,NA,NA,0.469661440679307,0.680428820081025,0,TRUE,FALSE,NA,NA,212,TRUE,1e-07,0.970422924709674,FALSE,0,1,NA,0.0766293583243356,1.32316849890727,17.2671222602038,701,651,0.2604,276,0.22530612244898,0.694936037063599,27,0.0740188072633227,0.153017793920229,1e-05
2,52.3774277454815,-0.014380682645708,0.000269342490338502,NA,NA,0.170446179699744,0.854375038634012,0,TRUE,FALSE,NA,NA,182,TRUE,1e-07,0.377263558175574,FALSE,0,1,NA,0.0760352492746384,1.33798807259606,17.5969446455454,701,651,0.2604,276,0.22530612244898,0.817909955978394,27,0.0740188072633227,0.153017793920229,1e-05
3,52.3770137069811,-0.000414038500402114,7.75680878397448e-06,NA,NA,0.0286950191747626,0.972105416435493,0,TRUE,FALSE,NA,NA,143,TRUE,1e-07,0.0656843419524023,FALSE,0,1,"relative_change",0.0759926573307654,1.34071346393245,17.6426711609369,701,651,0.2604,276,0.22530612244898,0.914525032043457,27,0.0740188072633227,0.153017793920229,1e-05
0,50.1694401480129,NA,NA,NA,NA,NA,NA,NA,NA,NA,NA,NA,0,NA,NA,NA,NA,NA,NA,NA,0.0759926573307654,1.34071346393245,17.6426711609369,701,651,0.2604,276,0.22530612244898,0,28,0.0633206657610876,0.130901711910223,1e-05
1,50.0765178852399,-0.0929222627729729,0.00181597184773149,NA,NA,0.450341918873995,0.689492585842359,0,TRUE,FALSE,NA,NA,209,TRUE,1e-07,0.986934829559025,FALSE,0,1,NA,0.0739826392948037,1.37180466439288,18.5422509587223,834,784,0.3136,304,0.248163265306122,0.695019006729126,28,0.0633206657610876,0.130901711910223,1e-05
2,50.0639622137562,-0.0125556714836819,0.000245820819498547,NA,NA,0.159083453201713,0.86275064771024,0,TRUE,FALSE,NA,NA,143,TRUE,1e-07,0.373928330442905,FALSE,0,1,NA,0.0735098836647717,1.385443670744,18.8470393595242,834,784,0.3136,302,0.246530612244898,0.819720983505249,28,0.0633206657610876,0.130901711910223,1e-05
3,50.0636408733226,-0.000321340433593775,6.29290050483409e-06,NA,NA,0.0252633254060161,0.975359183558027,0,TRUE,FALSE,NA,NA,112,TRUE,1e-07,0.0615210778901083,FALSE,0,1,"relative_change",0.0734789971640003,1.38778287625206,18.8867966332558,832,782,0.3128,301,0.245714285714286,0.896583080291748,28,0.0633206657610876,0.130901711910223,1e-05
0,47.9883767655005,NA,NA,NA,NA,NA,NA,NA,NA,NA,NA,NA,0,NA,NA,NA,NA,NA,NA,NA,0.0734789971640003,1.38778287625206,18.8867966332558,832,782,0.3128,301,0.245714285714286,0,29,0.054168756032011,0.111982127973692,1e-05
1,47.9028831312797,-0.0854936342208177,0.00174518201797259,NA,NA,0.430279633462744,0.699163979269546,0,TRUE,FALSE,NA,NA,326,TRUE,1e-07,1.00661862922454,FALSE,0,1,NA,0.0718365569367685,1.41730830246736,19.7296246215544,967,917,0.3668,322,0.262857142857143,5.96112084388733,29,0.054168756032011,0.111982127973692,1e-05
2,47.8920296120159,-0.0108535192637902,0.000221940273636913,NA,NA,0.147413427430894,0.871525446794746,0,TRUE,FALSE,NA,NA,156,TRUE,1e-07,0.370511308690429,FALSE,0,1,NA,0.0714593807571495,1.44702333588586,20.2495924335461,965,915,0.366,319,0.260408163265306,6.09215188026428,29,0.054168756032011,0.111982127973692,1e-05
3,47.8917797646142,-0.000249847401640579,5.11018674461361e-06,NA,NA,0.0219310421435214,0.978539606647509,0,TRUE,FALSE,NA,NA,103,TRUE,1e-07,0.0571921410169895,FALSE,0,1,"relative_change",0.0714361385168544,1.45349324497135,20.3467499104591,965,915,0.366,318,0.259591836734694,6.16093397140503,29,0.054168756032011,0.111982127973692,1e-05
0,45.9455410692622,NA,NA,NA,NA,NA,NA,NA,NA,NA,NA,NA,0,NA,NA,NA,NA,NA,NA,NA,0.0714361385168544,1.45349324497135,20.3467499104591,965,915,0.366,318,0.259591836734694,0,30,0.0463395969512803,0.0957970434650741,1e-05
1,45.8669430246362,-0.0785980446259913,0.00167423876337967,NA,NA,0.411567532716204,0.7084322760497,0,TRUE,FALSE,NA,NA,255,TRUE,1e-07,1.02575481123254,FALSE,0,1,NA,0.0700431806574567,1.53678549311362,21.9405440856435,1092,1042,0.4168,338,0.275918367346939,5.34054088592529,30,0.0463395969512803,0.0957970434650741,1e-05
2,45.8576051260459,-0.00933789859028167,0.000199242749529729,NA,NA,0.136941293261624,0.879552889781344,0,TRUE,FALSE,NA,NA,170,TRUE,1e-07,0.366521744880999,FALSE,0,1,NA,0.0697302330035722,1.57549118145775,22.5940903048042,1091,1041,0.4164,335,0.273469387755102,5.45643901824951,30,0.0463395969512803,0.0957970434650741,1e-05
3,45.8574208752924,-0.00018425075349171,3.9321419222361e-06,NA,NA,0.0191190836323711,0.981239598061272,0,TRUE,FALSE,NA,NA,114,TRUE,1e-07,0.0531163089940529,FALSE,0,1,"relative_change",0.0697117389153907,1.58191311160078,22.6922055913819,1091,1041,0.4164,334,0.27265306122449,5.5332338809967,30,0.0463395969512803,0.0957970434650741,1e-05
0,44.0376743513688,NA,NA,NA,NA,NA,NA,NA,NA,NA,NA,NA,0,NA,NA,NA,NA,NA,NA,NA,0.0697117389153907,1.58191311160078,22.6922055913819,1091,1041,0.4164,334,0.27265306122449,0,31,0.03964200773483,0.0819512336719061,1e-05
1,43.9678681100724,-0.0698062412963125,0.00154995217452189,NA,NA,0.386319687173982,0.721334342469379,0,TRUE,FALSE,NA,NA,285,TRUE,1e-07,1.0290976415302,FALSE,0,1,NA,0.0685422234607245,1.67179523650921,24.390735405121,1232,1182,0.4728,365,0.297959183673469,3.70202589035034,31,0.03964200773483,0.0819512336719061,1e-05
2,43.9603189156682,-0.00754919440428381,0.000167879748842104,NA,NA,0.123015783585088,0.890459434868871,0,TRUE,FALSE,NA,NA,318,TRUE,1e-07,0.351568728816229,FALSE,0,1,NA,0.0682877542712821,1.71080887515676,25.0529380181452,1232,1182,0.4728,363,0.296326530612245,7.64157199859619,31,0.03964200773483,0.0819512336719061,1e-05
3,43.9601959144122,-0.00012300125597875,2.73577365430754e-06,NA,NA,0.0156005510156671,0.984639087680619,0,TRUE,FALSE,NA,NA,119,TRUE,1e-07,0.0461887359133413,FALSE,0,1,"relative_change",0.0682736222450748,1.71659687645882,25.1429002887371,1231,1181,0.4724,363,0.296326530612245,7.72152590751648,31,0.03964200773483,0.0819512336719061,1e-05
0,42.2668837382085,NA,NA,NA,NA,NA,NA,NA,NA,NA,NA,NA,0,NA,NA,NA,NA,NA,NA,NA,0.0682736222450748,1.71659687645882,25.1429002887371,1231,1181,0.4724,363,0.296326530612245,0,32,0.0339124394823833,0.0701065967948781,1e-05
1,42.2041921174616,-0.0626916207469606,0.00144895160756859,NA,NA,0.364883872485927,0.732663063985548,0,TRUE,FALSE,NA,NA,333,TRUE,1e-07,1.04310597624048,FALSE,0,1,NA,0.067300770636369,1.80978930222558,26.8910635808913,1330,1280,0.512,390,0.318367346938775,3.21037006378174,32,0.0339124394823833,0.0701065967948781,1e-05
2,42.1979614380241,-0.0062306794374507,0.000144214696122798,NA,NA,0.111688371226516,0.899532662104497,0,TRUE,FALSE,NA,NA,332,TRUE,1e-07,0.341782534376502,FALSE,0,1,NA,0.0670917030505058,1.84807340752101,27.545483621571,1331,1281,0.5124,389,0.317551020408163,6.39301919937134,32,0.0339124394823833,0.0701065967948781,1e-05
3,42.1978761090663,-8.53289578159888e-05,1.97530056918102e-06,NA,NA,0.0130269002413436,0.987140617649699,0,TRUE,FALSE,NA,NA,403,TRUE,1e-07,0.0412828888410092,FALSE,0,1,"relative_change",0.0670800929306778,1.85322958083023,27.6271170754847,1330,1280,0.512,388,0.316734693877551,9.54120016098022,32,0.0339124394823833,0.0701065967948781,1e-05
0,40.6277453445542,NA,NA,NA,NA,NA,NA,NA,NA,NA,NA,NA,0,NA,NA,NA,NA,NA,NA,NA,0.0670800929306778,1.85322958083023,27.6271170754847,1330,1280,0.512,388,0.316734693877551,0,33,0.0290109814653977,0.059973897816312,1e-05
1,40.5723477414301,-0.0553976031241419,0.0013307855773983,NA,NA,0.341532374523427,0.745416226242952,0,TRUE,FALSE,NA,NA,210,TRUE,1e-07,1.04605313163335,FALSE,0,1,NA,0.0662783601752335,1.94715150008604,29.3783897932592,1445,1395,0.558,420,0.342857142857143,0.141104936599731,33,0.0290109814653977,0.059973897816312,1e-05
2,40.5673441417886,-0.0050035996415474,0.000120358842196466,NA,NA,0.0997503629000552,0.909297267575332,0,TRUE,FALSE,NA,NA,150,TRUE,1e-07,0.325897536702216,FALSE,0,1,NA,0.0661119343730371,1.98349699919358,30.0021020108364,1446,1396,0.5584,418,0.341224489795918,0.244316101074219,33,0.0290109814653977,0.059973897816312,1e-05
3,40.5672858126465,-5.83291420497289e-05,1.40324437978922e-06,NA,NA,0.0105135577746199,0.98959582709828,0,TRUE,FALSE,NA,NA,118,TRUE,1e-07,0.0354626170361136,FALSE,0,1,"relative_change",0.0661030404312391,1.9878601313077,30.0721437068464,1444,1394,0.5576,412,0.336326530612245,0.324422121047974,33,0.0290109814653977,0.059973897816312,1e-05
0,39.1175732636616,NA,NA,NA,NA,NA,NA,NA,NA,NA,NA,NA,0,NA,NA,NA,NA,NA,NA,NA,0.0661030404312391,1.9878601313077,30.0721437068464,1444,1394,0.5576,412,0.336326530612245,0,34,0.0248179446371843,0.0513057056500027,1e-05
1,39.0696573965527,-0.0479158671089479,0.00119438598127644,NA,NA,0.316608869127995,0.759527011740633,0,TRUE,FALSE,NA,NA,168,TRUE,1e-07,1.02458011463222,FALSE,0,1,NA,0.0654300420695817,2.08158754975871,31.8139417906081,1540,1490,0.596,447,0.364897959183673,0.720364093780518,34,0.0248179446371843,0.0513057056500027,1e-05
2,39.0658213100143,-0.00383608653839929,9.5735446411112e-05,NA,NA,0.0874061875210206,0.91961956026728,0,TRUE,FALSE,NA,NA,143,TRUE,1e-07,0.301178367216337,FALSE,0,1,NA,0.0652965311111734,2.11537961962397,32.3965084151614,1541,1491,0.5964,447,0.364897959183673,0.820077180862427,34,0.0248179446371843,0.0513057056500027,1e-05
3,39.0657867508835,-3.45591307464588e-05,8.62558899742831e-07,NA,NA,0.00816855439552166,0.991897630252493,0,TRUE,FALSE,NA,NA,109,TRUE,1e-07,0.0290195288248497,FALSE,0,1,"relative_change",0.0652899576674741,2.11892572699981,32.4540833337898,1538,1488,0.5952,441,0.36,0.893539190292358,34,0.0248179446371843,0.0513057056500027,1e-05
0,37.7351364992337,NA,NA,NA,NA,NA,NA,NA,NA,NA,NA,NA,0,NA,NA,NA,NA,NA,NA,NA,0.0652899576674741,2.11892572699981,32.4540833337898,1538,1488,0.5952,441,0.36,0,35,0.021230938937691,0.0438903511041895,1e-05
1,37.6945346429822,-0.0406018562515769,0.00104819189813311,NA,NA,0.290354843398839,0.774980622668076,0,TRUE,FALSE,NA,NA,181,TRUE,1e-07,0.990982544874,FALSE,0,1,NA,0.064733904536931,2.21186248992304,34.1685320195874,1648,1598,0.6392,464,0.378775510204082,0.682018041610718,35,0.021230938937691,0.0438903511041895,1e-05
2,37.6916923864746,-0.00284225650757719,7.34536940113499e-05,NA,NA,0.075169496504259,0.930085910408861,0,TRUE,FALSE,NA,NA,138,TRUE,1e-07,0.272398397819452,FALSE,0,1,NA,0.0646292762419138,2.24293935038593,34.70469546944,1649,1599,0.6396,465,0.379591836734694,0.77554202079773,35,0.021230938937691,0.0438903511041895,1e-05
3,37.6916726837164,-1.97027581592124e-05,5.0922451161893e-07,NA,NA,0.00612451838773434,0.993912763007159,0,TRUE,FALSE,NA,NA,102,TRUE,1e-07,0.0228354869339661,FALSE,0,1,"relative_change",0.0646246605349454,2.24574938931744,34.750656649145,1641,1591,0.6364,457,0.373061224489796,0.844748973846436,35,0.021230938937691,0.0438903511041895,1e-05
0,36.477375508754,NA,NA,NA,NA,NA,NA,NA,NA,NA,NA,NA,0,NA,NA,NA,NA,NA,NA,NA,0.0646246605349454,2.24574938931744,34.750656649145,1641,1591,0.6364,457,0.373061224489796,0,36,0.0181623730234537,0.0375467581167345,1e-05
1,36.4431397278051,-0.0342357809488476,0.000913505294436928,NA,NA,0.265545295869746,0.790173218820074,0,TRUE,FALSE,NA,NA,194,TRUE,1e-07,0.947395525652455,FALSE,0,1,NA,0.0641575418208986,2.33865143775434,36.4516995411527,1741,1691,0.6764,489,0.399183673469388,0.136325836181641,36,0.0181623730234537,0.0375467581167345,1e-05
2,36.4410495015943,-0.00209022621083932,5.58240101133166e-05,NA,NA,0.0642458417226955,0.93963251797282,0,TRUE,FALSE,NA,NA,129,TRUE,1e-07,0.242668701011766,FALSE,0,1,NA,0.0640750053394023,2.36740377022086,36.9473831126636,1742,1692,0.6768,489,0.399183673469388,0.224223852157593,36,0.0181623730234537,0.0375467581167345,1e-05
3,36.4410378287905,-1.16728037937719e-05,3.11764866347426e-07,NA,NA,0.00453231145814073,0.995488137707027,0,TRUE,FALSE,NA,NA,87,TRUE,1e-07,0.0175903076802989,FALSE,0,1,"relative_change",0.0640717832912683,2.36963910317965,36.9841290729704,1732,1682,0.6728,481,0.39265306122449,0.28399395942688,36,0.0181623730234537,0.0375467581167345,1e-05
0,35.3387812652796,NA,NA,NA,NA,NA,NA,NA,NA,NA,NA,NA,0,NA,NA,NA,NA,NA,NA,NA,0.0640717832912683,2.36963910317965,36.9841290729704,1732,1682,0.6728,481,0.39265306122449,0,37,0.0155373153684439,0.0321200220460756,1e-05
1,35.3103714247022,-0.028409840577396,0.000781804991477264,NA,NA,0.240940427056225,0.805840456316032,0,TRUE,FALSE,NA,NA,217,TRUE,1e-07,0.896276507677917,FALSE,0,1,NA,0.0636690830095001,2.46055622840744,38.6460132940865,1810,1760,0.704,512,0.417959183673469,0.148266077041626,37,0.0155373153684439,0.0321200220460756,1e-05
2,35.3088825164668,-0.00148890823534487,4.100504007326e-05,NA,NA,0.053977194609839,0.948787132315685,0,TRUE,FALSE,NA,NA,141,TRUE,1e-07,0.21221353406354,FALSE,0,1,NA,0.0636048844253276,2.48625729631317,39.0890938451754,1811,1761,0.7044,510,0.416326530612245,0.244832992553711,37,0.0155373153684439,0.0321200220460756,1e-05
3,35.3088757546628,-6.76180395942083e-06,1.86230021162293e-07,NA,NA,0.00323061701647974,0.996779786260823,0,TRUE,FALSE,NA,NA,81,TRUE,1e-07,0.0130477540318937,FALSE,0,1,"relative_change",0.0636028152829523,2.48793466595675,39.1167380702973,1803,1753,0.7012,499,0.40734693877551,0.303451061248779,37,0.0155373153684439,0.0321200220460756,1e-05
0,34.3137106168471,NA,NA,NA,NA,NA,NA,NA,NA,NA,NA,NA,0,NA,NA,NA,NA,NA,NA,NA,0.0636028152829523,2.48793466595675,39.1167380702973,1803,1753,0.7012,499,0.40734693877551,0,38,0.0132916645058849,0.0274776270439327,1e-05
1,34.28994641498,-0.0237642018670599,0.000672945477888203,NA,NA,0.219707084569915,0.819868977273845,0,TRUE,FALSE,NA,NA,236,TRUE,1e-07,0.856470409622879,FALSE,0,1,NA,0.0632697849548838,2.57420613478241,40.6861843551075,1897,1847,0.7388,547,0.446530612244898,0.162227153778076,38,0.0132916645058849,0.0274776270439327,1e-05
2,34.2888688388617,-0.00107757611831971,3.05349321205628e-05,NA,NA,0.0457833010547461,0.956221044064702,0,TRUE,FALSE,NA,NA,150,TRUE,1e-07,0.188652328585214,FALSE,0,1,NA,0.0632202210665031,2.59684112142135,41.0761157998746,1892,1842,0.7368,545,0.444897959183673,0.294408082962036,38,0.0132916645058849,0.0274776270439327,1e-05
3,34.2888648450214,-3.99384028071381e-06,1.13175639008174e-07,NA,NA,0.00234946378676108,0.99765604325473,0,TRUE,FALSE,NA,NA,75,TRUE,1e-07,0.00995449118860474,FALSE,0,1,"relative_change",0.0632187878847744,2.5981073183676,41.0970758108023,1877,1827,0.7308,537,0.438367346938775,0.346399068832397,38,0.0132916645058849,0.0274776270439327,1e-05
0,33.3942112682598,NA,NA,NA,NA,NA,NA,NA,NA,NA,NA,NA,0,NA,NA,NA,NA,NA,NA,NA,0.0632187878847744,2.5981073183676,41.0970758108023,1877,1827,0.7308,537,0.438367346938775,0,39,0.0113705837300447,0.0235062101415248,1e-05
1,33.3744290487985,-0.0197822194612343,0.000575161305690124,NA,NA,0.200062077503775,0.833290226185698,0,TRUE,FALSE,NA,NA,248,TRUE,1e-07,0.804185167330784,FALSE,0,1,NA,0.0629227416316208,2.68024457114132,42.5958008446727,1952,1902,0.7608,570,0.46530612244898,0.165543794631958,39,0.0113705837300447,0.0235062101415248,1e-05
2,33.3736618846302,-0.000767164168273382,2.23178737655338e-05,NA,NA,0.0386585646075253,0.962780295734496,0,TRUE,FALSE,NA,NA,160,TRUE,1e-07,0.163973180511757,FALSE,0,1,NA,0.0628820900907998,2.6998754674756,42.9355236694115,1950,1900,0.76,565,0.461224489795918,0.273378849029541,39,0.0113705837300447,0.0235062101415248,1e-05
3,33.373659755658,-2.12897222695574e-06,6.19361484994324e-08,NA,NA,0.00168722384868018,0.998315618080664,0,TRUE,FALSE,NA,NA,73,TRUE,1e-07,0.00734482471625076,FALSE,0,1,"relative_change",0.0628810544847941,2.70079588309252,42.9508681942607,1933,1883,0.7532,560,0.457142857142857,0.323652982711792,39,0.0113705837300447,0.0235062101415248,1e-05
0,32.5724497723272,NA,NA,NA,NA,NA,NA,NA,NA,NA,NA,NA,0,NA,NA,NA,NA,NA,NA,NA,0.0628810544847941,2.70079588309252,42.9508681942607,1933,1883,0.7532,560,0.457142857142857,0,40,0.00972716203487634,0.0201087930312938,1e-05
1,32.5558759516844,-0.0165738206427903,0.000493673257542608,NA,NA,0.182495446021894,0.845669218739202,0,TRUE,FALSE,NA,NA,266,TRUE,1e-07,0.752477021784342,FALSE,0,1,NA,0.0626321652236562,2.78144441317578,44.4092009791356,1998,1948,0.7792,610,0.497959183673469,0.178042888641357,40,0.00972716203487634,0.0201087930312938,1e-05
2,32.5553195707959,-0.000556380888461661,1.65807290878882e-05,NA,NA,0.032581791995446,0.968446284596514,0,TRUE,FALSE,NA,NA,158,TRUE,1e-07,0.141303636946106,FALSE,0,1,NA,0.0625990348478616,2.7990656322507,44.714197895438,1993,1943,0.7772,604,0.493061224489796,0.284102916717529,40,0.00972716203487634,0.0201087930312938,1e-05
3,32.5553180479208,-1.52287510246651e-06,4.53840142768872e-08,NA,NA,0.00120813924810374,0.998793318591066,0,TRUE,FALSE,NA,NA,70,TRUE,1e-07,0.0053884393022152,FALSE,0,1,"relative_change",0.0625982582366584,2.79976613701234,44.7259431153431,1982,1932,0.7728,601,0.490612244897959,0.334199905395508,40,0.00972716203487634,0.0201087930312938,1e-05
0,31.8399262038791,NA,NA,NA,NA,NA,NA,NA,NA,NA,NA,NA,0,NA,NA,NA,NA,NA,NA,NA,0.0625982582366584,2.79976613701234,44.7259431153431,1982,1932,0.7728,601,0.490612244897959,0,41,0.00832126859087539,0.0172024139468184,1e-05
1,31.8255211028723,-0.0144051010067585,0.00043864596154473,NA,NA,0.170223138819833,0.854537879851271,0,TRUE,FALSE,NA,NA,350,TRUE,1e-07,0.713191045385959,FALSE,0,1,NA,0.0623976728584902,2.87627987487963,46.0959478633547,2050,2000,0.8,662,0.540408163265306,1.45859909057617,41,0.00832126859087539,0.0172024139468184,1e-05
2,31.825097963114,-0.000423139758353841,1.28905724612188e-05,NA,NA,0.0286171353040541,0.972179021404699,0,TRUE,FALSE,NA,NA,162,TRUE,1e-07,0.125865815131612,FALSE,0,1,NA,0.0623723283207103,2.89195245481321,46.3659531826866,2037,1987,0.7948,655,0.53469387755102,1.56620812416077,41,0.00832126859087539,0.0172024139468184,1e-05
3,31.8250971589612,-8.041527692626e-07,2.44981072155897e-08,NA,NA,0.00093781483974284,0.999063063832899,0,TRUE,FALSE,NA,NA,67,TRUE,1e-07,0.00425023988947047,FALSE,0,1,"relative_change",0.0623718599101861,2.89250393742929,46.3751432391854,2028,1978,0.7912,654,0.533877551020408,1.61182618141174,41,0.00832126859087539,0.0172024139468184,1e-05
0,31.1870559449088,NA,NA,NA,NA,NA,NA,NA,NA,NA,NA,NA,0,NA,NA,NA,NA,NA,NA,NA,0.0623718599101861,2.89250393742929,46.3751432391854,2028,1978,0.7912,654,0.533877551020408,0,42,0.0071185727875427,0.0147161018136279,1e-05
1,31.174458941943,-0.0125970029658582,0.000391368598215977,NA,NA,0.15858067153038,0.863125049962288,0,TRUE,FALSE,NA,NA,208,TRUE,1e-07,0.677785390686127,FALSE,0,1,NA,0.0622087768137975,2.96451604963474,47.6543054126927,2098,2048,0.8192,718,0.586122448979592,0.137906074523926,42,0.0071185727875427,0.0147161018136279,1e-05
2,31.1741233659704,-0.000335575972560065,1.04298870469149e-05,NA,NA,0.0250727304238797,0.975540535144748,0,TRUE,FALSE,NA,NA,214,TRUE,1e-07,0.112507325182241,FALSE,0,1,NA,0.0621887978668788,2.9781802647831,47.8893364550668,2084,2034,0.8136,711,0.580408163265306,0.923120975494385,42,0.0071185727875427,0.0147161018136279,1e-05
3,31.1741225932549,-7.72715473829066e-07,2.40166752964696e-08,NA,NA,0.000689077119428903,0.99931139738088,0,TRUE,FALSE,NA,NA,62,TRUE,1e-07,0.00307056285076583,FALSE,0,1,"relative_change",0.0621885330205567,2.97855954554997,47.8956392903719,2080,2030,0.812,711,0.580408163265306,0.965329170227051,42,0.0071185727875427,0.0147161018136279,1e-05
0,30.6053938636601,NA,NA,NA,NA,NA,NA,NA,NA,NA,NA,NA,0,NA,NA,NA,NA,NA,NA,NA,0.0621885330205567,2.97855954554997,47.8956392903719,2080,2030,0.812,711,0.580408163265306,0,43,0.00608970591180167,0.0125891432015631,1e-05
1,30.5942119981618,-0.0111818654983225,0.000353796112984986,NA,NA,0.148755894715942,0.870506958527751,0,TRUE,FALSE,NA,NA,210,TRUE,1e-07,0.642701511367255,FALSE,0,1,NA,0.0620588532892446,3.0417224850519,49.0135141697673,2145,2095,0.838,772,0.630204081632653,0.140698909759521,43,0.00608970591180167,0.0125891432015631,1e-05
2,30.5939365380567,-0.000275460105040537,8.71868888695702e-06,NA,NA,0.0221645000755639,0.97831611245164,0,TRUE,FALSE,NA,NA,215,TRUE,1e-07,0.100341815565148,FALSE,0,1,"relative_change",0.0620447381540768,3.05297445916391,49.2060173029082,2117,2067,0.8268,760,0.620408163265306,0.921846866607666,43,0.00608970591180167,0.0125891432015631,1e-05
0,30.0873668339698,NA,NA,NA,NA,NA,NA,NA,NA,NA,NA,NA,0,NA,NA,NA,NA,NA,NA,NA,0.0620447381540768,3.05297445916391,49.2060173029082,2117,2067,0.8268,760,0.620408163265306,0,44,0.00520954399133618,0.0107695997592715,1e-05
1,30.07717694347,-0.0101898904997739,0.000327782361053469,NA,NA,0.142684663135171,0.87513207471982,0,TRUE,FALSE,NA,NA,203,TRUE,1e-07,0.633509918673054,FALSE,0,1,NA,0.061941735423998,3.11283716780863,50.2542776126777,2202,2152,0.8608,818,0.667755102040816,0.165278196334839,44,0.00520954399133618,0.0107695997592715,1e-05
2,30.0769559474999,-0.000220995970121152,7.11119837310666e-06,NA,NA,0.0204786627586991,0.979932296964114,0,TRUE,FALSE,NA,NA,222,TRUE,1e-07,0.0955077635788566,FALSE,0,1,"relative_change",0.0619310919596813,3.12318425700355,50.4299885271976,2202,2152,0.8608,819,0.668571428571429,0.87810206413269,44,0.00520954399133618,0.0107695997592715,1e-05
0,29.6251623905071,NA,NA,NA,NA,NA,NA,NA,NA,NA,NA,NA,0,NA,NA,NA,NA,NA,NA,NA,0.0619310919596813,3.12318425700355,50.4299885271976,2202,2152,0.8608,819,0.668571428571429,0,45,0.00445659429055048,0.00921303992796748,1e-05
1,29.615848427027,-0.0093139634801318,0.000304127807107363,NA,NA,0.136072410903267,0.880225582808512,0,TRUE,FALSE,NA,NA,333,TRUE,1e-07,0.62198708381033,FALSE,0,1,NA,0.0618420067072539,3.18725105055656,51.5386097615539,2267,2217,0.8868,867,0.707755102040816,0.221397161483765,45,0.00445659429055048,0.00921303992796748,1e-05
2,29.6156577782246,-0.00019064880239128,6.22712784999875e-06,NA,NA,0.0187141281019299,0.981629656853,0,TRUE,FALSE,NA,NA,171,TRUE,1e-07,0.0895350291594785,FALSE,0,1,"relative_change",0.0618328754560927,3.19786648352974,51.7179002260785,2241,2191,0.8764,855,0.697959183673469,0.337033033370972,45,0.00445659429055048,0.00921303992796748,1e-05
0,29.2125303825935,NA,NA,NA,NA,NA,NA,NA,NA,NA,NA,NA,0,NA,NA,NA,NA,NA,NA,NA,0.0618328754560927,3.19786648352974,51.7179002260785,2241,2191,0.8764,855,0.697959183673469,0,46,0.0038124704779531,0.00788145396408534,1e-05
1,29.2042753973691,-0.00825498522434387,0.000273230514617864,NA,NA,0.127850129085075,0.886642625834703,0,TRUE,FALSE,NA,NA,364,TRUE,1e-07,0.606638031365499,FALSE,0,1,NA,0.0617561621727557,3.25833441035469,52.7612839871732,2295,2245,0.898,906,0.739591836734694,0.243039846420288,46,0.0038124704779531,0.00788145396408534,1e-05
2,29.204120964643,-0.000154432726148457,5.11294259228971e-06,NA,NA,0.0166364899734265,0.983635753646949,0,TRUE,FALSE,NA,NA,174,TRUE,1e-07,0.0823209311065832,FALSE,0,1,"relative_change",0.0617486170913793,3.26771158934512,52.9195914543214,2275,2225,0.89,896,0.731428571428571,0.359160900115967,46,0.0038124704779531,0.00788145396408534,1e-05
0,28.8445145182542,NA,NA,NA,NA,NA,NA,NA,NA,NA,NA,NA,0,NA,NA,NA,NA,NA,NA,NA,0.0617486170913793,3.26771158934512,52.9195914543214,2275,2225,0.89,896,0.731428571428571,0,47,0.00326144364904004,0.00674232577668861,1e-05
1,28.8371454584035,-0.00736905985073832,0.000246915051884362,NA,NA,0.121042719918986,0.892026666095532,0,TRUE,FALSE,NA,NA,211,TRUE,1e-07,0.596360410188441,FALSE,0,1,NA,0.0616866759054782,3.32555518611249,53.910429396588,2336,2286,0.9144,946,0.772244897959184,0.139784097671509,47,0.00326144364904004,0.00674232577668861,1e-05
2,28.8370231516695,-0.000122306734027688,4.0991432708668e-06,NA,NA,0.0151190322600877,0.985106148363285,0,TRUE,FALSE,NA,NA,238,TRUE,1e-07,0.0781065499064028,FALSE,0,1,"relative_change",0.0616808612612637,3.33414367228476,54.0547522214746,2307,2257,0.9028,933,0.761632653061225,0.329993963241577,47,0.00326144364904004,0.00674232577668861,1e-05
0,28.5162553227369,NA,NA,NA,NA,NA,NA,NA,NA,NA,NA,NA,0,NA,NA,NA,NA,NA,NA,NA,0.0616808612612637,3.33414367228476,54.0547522214746,2307,2257,0.9028,933,0.761632653061225,0,48,0.00279005824107379,0.00576783891476746,1e-05
1,28.5099322134451,-0.00632310929185209,0.000214224644105897,NA,NA,0.112135403409677,0.899171087382091,0,TRUE,FALSE,NA,NA,227,TRUE,1e-07,0.579114300298104,FALSE,0,1,NA,0.0616275778143692,3.38892022511689,54.9903200045407,2365,2315,0.926,978,0.798367346938776,0.150892019271851,48,0.00279005824107379,0.00576783891476746,1e-05
2,28.5098404165657,-9.17968793565649e-05,3.11071129179826e-06,NA,NA,0.0131418209401011,0.987028646267996,0,TRUE,FALSE,NA,NA,172,TRUE,1e-07,0.0711439447283304,FALSE,0,1,"relative_change",0.0616226919327858,3.39650323881179,55.1177355659257,2342,2292,0.9168,970,0.791836734693877,0.265399932861328,48,0.00279005824107379,0.00576783891476746,1e-05
0,28.2242171928846,NA,NA,NA,NA,NA,NA,NA,NA,NA,NA,NA,0,NA,NA,NA,NA,NA,NA,NA,0.0616226919327858,3.39650323881179,55.1177355659257,2342,2292,0.9168,970,0.791836734693877,0,49,0.00238680346075426,0.00493419731537282,1e-05
1,28.2188591082122,-0.00535808467237686,0.000183343992997747,NA,NA,0.103287798399978,0.906381817554976,0,TRUE,FALSE,NA,NA,222,TRUE,1e-07,0.553010039408324,FALSE,0,1,NA,0.0615756628916691,3.44668894655183,55.9748573493336,2384,2334,0.9336,1005,0.820408163265306,0.146050930023193,49,0.00238680346075426,0.00493419731537282,1e-05
2,28.2187926111045,-6.64971076780319e-05,2.27582834195406e-06,NA,NA,0.0112715563380149,0.988854075577058,0,TRUE,FALSE,NA,NA,143,TRUE,1e-07,0.0633037232274388,FALSE,0,1,"relative_change",0.0615714757177406,3.45309040105173,56.0826317836133,2371,2321,0.9284,999,0.815510204081633,0.245028972625732,49,0.00238680346075426,0.00493419731537282,1e-05
0,27.9649790248214,NA,NA,NA,NA,NA,NA,NA,NA,NA,NA,NA,0,NA,NA,NA,NA,NA,NA,NA,0.0615714757177406,3.45309040105173,56.0826317836133,2371,2321,0.9284,999,0.815510204081633,0,50,0.00204183220135076,0.00422104422588818,1e-05
1,27.9604751526129,-0.00450387220849535,0.000155493715518861,NA,NA,0.0945307743550751,0.91363351623368,0,TRUE,FALSE,NA,NA,232,TRUE,1e-07,0.529007245740204,FALSE,0,1,NA,0.0615362564082707,3.50149902811188,56.901398175422,2408,2358,0.9432,1031,0.841632653061224,0.15501594543457,50,0.00204183220135076,0.00422104422588818,1e-05
2,27.9604260410852,-4.91115276766152e-05,1.69581222054584e-06,NA,NA,0.00956334982445934,0.990527241479079,0,TRUE,FALSE,NA,NA,122,TRUE,1e-07,0.0560697253893773,FALSE,0,1,"relative_change",0.0615332732731551,3.50721114333841,56.9969864559194,2390,2340,0.936,1026,0.837551020408163,0.238480091094971,50,0.00204183220135076,0.00422104422588818,1e-05
0,27.7353870637741,NA,NA,NA,NA,NA,NA,NA,NA,NA,NA,NA,0,NA,NA,NA,NA,NA,NA,NA,0.0615332732731551,3.50721114333841,56.9969864559194,2390,2340,0.936,1026,0.837551020408163,0,51,0.0017467205855129,0.00361096511106137,1e-05
1,27.7317474084315,-0.00363965534263855,0.000126661086365771,NA,NA,0.0847753085432018,0.921849891055272,0,TRUE,FALSE,NA,NA,243,TRUE,1e-07,0.488559598304429,FALSE,0,1,NA,0.0615050085469926,3.55413234773442,57.7860637970468,2438,2388,0.9552,1051,0.857959183673469,0.162873983383179,51,0.0017467205855129,0.00361096511106137,1e-05
2,27.7317134521384,-3.3956293098214e-05,1.18183877282206e-06,NA,NA,0.00778934236583284,0.992270862532097,0,TRUE,FALSE,NA,NA,125,TRUE,1e-07,0.0470247477561876,FALSE,0,1,"relative_change",0.061502857327026,3.55915379568052,57.8697307794272,2419,2369,0.9476,1048,0.855510204081633,0.250622987747192,51,0.0017467205855129,0.00361096511106137,1e-05
0,27.5328442441364,NA,NA,NA,NA,NA,NA,NA,NA,NA,NA,NA,0,NA,NA,NA,NA,NA,NA,NA,0.061502857327026,3.55915379568052,57.8697307794272,2419,2369,0.9476,1048,0.855510204081633,0,52,0.00149426226201944,0.00308906240624825,1e-05
1,27.5299181747536,-0.0029260693827986,0.000102550918434986,NA,NA,0.0761244219816879,0.929260575797077,0,TRUE,FALSE,NA,NA,254,TRUE,1e-07,0.453371466332156,FALSE,0,1,NA,0.0614793939863785,3.60462318955308,58.6314040498142,2438,2388,0.9552,1075,0.877551020408163,0.173019886016846,52,0.00149426226201944,0.00308906240624825,1e-05
2,27.5298961769406,-2.19978130751031e-05,7.71043679142729e-07,NA,NA,0.00636840794006404,0.993671892032959,0,TRUE,FALSE,NA,NA,159,TRUE,1e-07,0.0397791711542294,FALSE,0,1,"relative_change",0.0614777496149248,3.60900483383533,58.7042443232044,2429,2379,0.9516,1074,0.876734693877551,0.280311822891235,52,0.00149426226201944,0.00308906240624825,1e-05
0,27.3546501415471,NA,NA,NA,NA,NA,NA,NA,NA,NA,NA,NA,0,NA,NA,NA,NA,NA,NA,NA,0.0614777496149248,3.60900483383533,58.7042443232044,2429,2379,0.9516,1074,0.876734693877551,0,53,0.00127829243338299,0.00264259173273804,1e-05
1,27.3522750737513,-0.00237506779573948,8.37629025180381e-05,NA,NA,0.0685604872063136,0.935838459285014,0,TRUE,FALSE,NA,NA,260,TRUE,1e-07,0.422853085799666,FALSE,0,1,NA,0.0614620664600049,3.65755035958574,59.5090690933051,2444,2394,0.9576,1090,0.889795918367347,0.201321125030518,53,0.00127829243338299,0.00264259173273804,1e-05
2,27.3522600707661,-1.50029852790112e-05,5.29163364844081e-07,NA,NA,0.00523909913976131,0.99478820596588,0,TRUE,FALSE,NA,NA,131,TRUE,1e-07,0.0339494066039088,FALSE,0,1,"relative_change",0.0614611195087283,3.66183876467301,59.5797602442464,2435,2385,0.954,1089,0.888979591836735,0.289460897445679,53,0.00127829243338299,0.00264259173273804,1e-05
0,27.1981979958861,NA,NA,NA,NA,NA,NA,NA,NA,NA,NA,NA,0,NA,NA,NA,NA,NA,NA,NA,0.0614611195087283,3.66183876467301,59.5797602442464,2435,2385,0.954,1089,0.888979591836735,0,54,0.00109353731722829,0.0022606506918767,1e-05
1,27.1962713486842,-0.00192664720183089,6.832518879795e-05,NA,NA,0.0616930223221536,0.941891845359201,0,TRUE,FALSE,NA,NA,266,TRUE,1e-07,0.395164244419574,FALSE,0,1,NA,0.0614477006214556,3.70722120039992,60.3313250602818,2450,2400,0.96,1115,0.910204081632653,0.177074909210205,54,0.00109353731722829,0.0022606506918767,1e-05
2,27.1962610414576,-1.03072266028903e-05,3.65552823471862e-07,NA,NA,0.00426666182717517,0.995751465233933,0,TRUE,FALSE,NA,NA,96,TRUE,1e-07,0.0285656678446557,FALSE,0,1,"relative_change",0.061446987149748,3.71078848366101,60.3900802266792,2442,2392,0.9568,1110,0.906122448979592,0.241322040557861,54,0.00109353731722829,0.0022606506918767,1e-05
0,27.0611077122833,NA,NA,NA,NA,NA,NA,NA,NA,NA,NA,NA,0,NA,NA,NA,NA,NA,NA,NA,0.061446987149748,3.71078848366101,60.3900802266792,2442,2392,0.9568,1110,0.906122448979592,0,55,0.000935485365430906,0.00193391263863052,1e-05
1,27.0595583511225,-0.00154936116084059,5.52138275055471e-05,NA,NA,0.0554911405832511,0.947426237464592,0,TRUE,FALSE,NA,NA,340,TRUE,1e-07,0.367489819910518,FALSE,0,1,NA,0.061437372749274,3.75114508005314,61.0564044683612,2460,2410,0.964,1129,0.921632653061224,0.22777795791626,55,0.000935485365430906,0.00193391263863052,1e-05
2,27.0595519526426,-6.39847986150244e-06,2.28032094498254e-07,NA,NA,0.00345487516138712,0.996557019905024,0,TRUE,FALSE,NA,NA,89,TRUE,1e-07,0.0237611181848513,FALSE,0,1,"relative_change",0.0614369275782084,3.75394263144233,61.1023822222166,2451,2401,0.9604,1124,0.917551020408163,0.289941072463989,55,0.000935485365430906,0.00193391263863052,1e-05
0,26.9412467005911,NA,NA,NA,NA,NA,NA,NA,NA,NA,NA,NA,0,NA,NA,NA,NA,NA,NA,NA,0.0614369275782084,3.75394263144233,61.1023822222166,2451,2401,0.9604,1124,0.917551020408163,0,56,0.000800277096307539,0.00165439893358759,1e-05
1,26.9400240807103,-0.00122261988074968,4.37568120653618e-05,NA,NA,0.0492619489060072,0.95305085735991,0,TRUE,FALSE,NA,NA,345,TRUE,1e-07,0.33844963226588,FALSE,0,1,NA,0.0614305737520094,3.79631635042699,61.7984843467754,2484,2434,0.9736,1138,0.928979591836735,0.23169994354248,56,0.000800277096307539,0.00165439893358759,1e-05
2,26.9400199244375,-4.15627282635e-06,1.48756952189582e-07,NA,NA,0.0027427218635145,0.997264780083951,0,TRUE,FALSE,NA,NA,84,TRUE,1e-07,0.0195325167317952,FALSE,0,1,"relative_change",0.0614303316897387,3.79896037373092,61.8417688662017,2476,2426,0.9704,1137,0.928163265306122,0.289588928222656,56,0.000800277096307539,0.00165439893358759,1e-05
0,26.8366937295614,NA,NA,NA,NA,NA,NA,NA,NA,NA,NA,NA,0,NA,NA,NA,NA,NA,NA,NA,0.0614303316897387,3.79896037373092,61.8417688662017,2476,2426,0.9704,1137,0.928163265306122,0,57,0.000684610849662435,0.00141528411200309,1e-05
1,26.8357312129467,-0.000962516614727349,3.45772606502186e-05,NA,NA,0.043730511907928,0.958101721269038,0,TRUE,FALSE,NA,NA,219,TRUE,1e-07,0.30939019748516,FALSE,0,1,NA,0.0614250446027122,3.84229933773032,62.5526503494091,2496,2446,0.9784,1152,0.940408163265306,0.149226903915405,57,0.000684610849662435,0.00141528411200309,1e-05
2,26.8357285874217,-2.62552492102941e-06,9.43221107052598e-08,NA,NA,0.00223140179365461,0.997773566274554,0,TRUE,FALSE,NA,NA,128,TRUE,1e-07,0.016520246117232,FALSE,0,1,"relative_change",0.06142483673843,3.84481158178538,62.5937615130835,2486,2436,0.9744,1148,0.937142857142857,0.234219074249268,57,0.000684610849662435,0.00141528411200309,1e-05
0,26.7456693395295,NA,NA,NA,NA,NA,NA,NA,NA,NA,NA,NA,0,NA,NA,NA,NA,NA,NA,NA,0.06142483673843,3.84481158178538,62.5937615130835,2486,2436,0.9744,1148,0.937142857142857,0,58,0.000585662163315752,0.00121072921229753,1e-05
1,26.744920829284,-0.00074851024552558,2.69775522935095e-05,NA,NA,0.0385374806002334,0.962892547144317,0,TRUE,FALSE,NA,NA,219,TRUE,1e-07,0.280056570640734,FALSE,0,1,NA,0.0614193330291916,3.88221441118819,63.2083453160104,2509,2459,0.9836,1166,0.951836734693878,0.201351881027222,58,0.000585662163315752,0.00121072921229753,1e-05
2,26.7449191581429,-1.67114107796351e-06,6.02323246206444e-08,NA,NA,0.0017597555059579,0.998243335793552,0,TRUE,FALSE,NA,NA,138,TRUE,1e-07,0.0134015829615058,FALSE,0,1,"relative_change",0.061419142641611,3.88410680831716,63.239352443935,2498,2448,0.9792,1165,0.951020408163265,0.293755054473877,58,0.000585662163315752,0.00121072921229753,1e-05
0,26.6665812273618,NA,NA,NA,NA,NA,NA,NA,NA,NA,NA,NA,0,NA,NA,NA,NA,NA,NA,NA,0.061419142641611,3.88410680831716,63.239352443935,2498,2448,0.9792,1165,0.951020408163265,0,59,0.000501014802363725,0.00103573919404487,1e-05
1,26.6660025894073,-0.000578637954504302,2.09146894496686e-05,NA,NA,0.0338990595885928,0.967212408915352,0,TRUE,FALSE,NA,NA,200,TRUE,1e-07,0.251559628960775,FALSE,0,1,NA,0.0614137922760531,3.91750504121474,63.7886848544653,2514,2464,0.9856,1174,0.958367346938775,0.130560159683228,59,0.000501014802363725,0.00103573919404487,1e-05
2,26.6660015723852,-1.01702202215392e-06,3.67607144858477e-08,NA,NA,0.00138480442577355,0.99861711060558,0,TRUE,FALSE,NA,NA,140,TRUE,1e-07,0.0107719717559084,FALSE,0,1,"relative_change",0.0614136432786038,3.91902617518697,63.8136082793241,2509,2459,0.9836,1171,0.955918367346939,0.225908041000366,59,0.000501014802363725,0.00103573919404487,1e-05
0,26.5979881504406,NA,NA,NA,NA,NA,NA,NA,NA,NA,NA,NA,0,NA,NA,NA,NA,NA,NA,NA,0.0614136432786038,3.91902617518697,63.8136082793241,2509,2459,0.9836,1171,0.955918367346939,0,60,0.000428601756969282,0.00088604096373046,1e-05
1,26.5975503354738,-0.000437814966741001,1.58640174912175e-05,NA,NA,0.0294840544304771,0.97136035832358,0,TRUE,FALSE,NA,NA,211,TRUE,1e-07,0.222805889936454,FALSE,0,1,NA,0.0614101093522365,3.95175471278424,64.3502308409474,2517,2467,0.9868,1180,0.963265306122449,0.141592025756836,60,0.000428601756969282,0.00088604096373046,1e-05
2,26.5975497331054,-6.02368430691058e-07,2.18268804067285e-08,NA,NA,0.00106242724206493,0.998938700311636,0,TRUE,FALSE,NA,NA,169,TRUE,1e-07,0.00839642512036737,FALSE,0,1,"relative_change",0.0614100116586956,3.95309282217935,64.3721229715741,2505,2455,0.982,1177,0.960816326530612,0.254879951477051,60,0.000428601756969282,0.00088604096373046,1e-05
